variant,seed,after_task,task_id,acc,context_entropy,context_margin,context_top1_acc,context_brier,context_ece,latent_frechet_margin,prototype_weight,class2_margin_vs4,class5_margin_vs4,class2_logit_rank,class5_logit_rank
reference_v22c,0,0,0,0.376,6.863997148442991e-10,1.0,1.0,1.5863781263054203e-21,0.0,999979.125,0.9499999284744263,-0.7748024463653564,,3.325000047683716,
reference_v22c,0,1,0,0.0995,0.07289838045835495,0.9634838700294495,0.0,1.928769588470459,0.9818632006645203,138.26251220703125,0.9499999284744263,0.19705066084861755,,6.807499885559082,
reference_v22c,0,1,1,0.3815,0.002997986041009426,0.9985377192497253,1.0,6.792577187297866e-05,0.000782158225774765,267.74578857421875,0.9499999284744263,,6.827744960784912,,3.1424999237060547
reference_v22c,0,2,0,0.09,0.45005619525909424,0.6724972724914551,0.0,1.5487016439437866,0.8285250663757324,31.528579711914062,0.9499999284744263,-1.7866040468215942,,11.337499618530273,
reference_v22c,0,2,1,0.336,0.05073216184973717,0.9804926514625549,1.0,0.0007450119010172784,0.010326601564884186,130.41380310058594,0.9499999284744263,,5.303684234619141,,3.737499952316284
reference_v22c,0,2,2,0.4355,0.07504218071699142,0.9672521948814392,1.0,0.0014396776678040624,0.01689080148935318,143.16212463378906,0.9499999284744263,,,,
reference_v22c,0,3,0,0.072,0.1285022348165512,0.9478582143783569,0.0,1.9348838329315186,0.9721307158470154,87.50276184082031,0.9499999284744263,-2.4599356651306152,,17.774999618530273,
reference_v22c,0,3,1,0.3295,0.06485103070735931,0.9759351015090942,1.0,0.0009101107134483755,0.013058926910161972,148.76036071777344,0.9499999284744263,,5.044293403625488,,3.617500066757202
reference_v22c,0,3,2,0.44,0.09251199662685394,0.9624078273773193,1.0,0.001566814142279327,0.019899550825357437,95.01762390136719,0.9499999284744263,,,,
reference_v22c,0,3,3,0.256,0.10558556765317917,0.9574569463729858,1.0,0.0017836479237303138,0.02273111417889595,89.79431915283203,0.9499999284744263,,,,
reference_v22c,0,4,0,0.0625,0.1800651252269745,0.9123019576072693,0.0,1.9026527404785156,0.9535263776779175,15.65439224243164,0.9499999284744263,-3.0724129676818848,,22.627500534057617,
reference_v22c,0,4,1,0.33,0.07888752967119217,0.967624306678772,1.0,0.0013300321297720075,0.017153941094875336,87.00942993164062,0.9499999284744263,,5.536474227905273,,3.2174999713897705
reference_v22c,0,4,2,0.4585,0.08469706028699875,0.9652919173240662,1.0,0.001485806773416698,0.0185977965593338,84.53838348388672,0.9499999284744263,,,,
reference_v22c,0,4,3,0.272,0.1203678771853447,0.9490655660629272,1.0,0.002261992311105132,0.027070820331573486,45.35465621948242,0.9499999284744263,,,,
reference_v22c,0,4,4,0.644,0.09409733861684799,0.9602587223052979,1.0,0.001663277274928987,0.020806051790714264,110.0894546508789,0.9499999284744263,,,,
reference_v22c,0,5,0,0.051,0.4885782301425934,0.6488306522369385,0.0,1.6979397535324097,0.8206657767295837,22.24101448059082,0.9499999284744263,-0.24437251687049866,,22.582500457763672,
reference_v22c,0,5,1,0.337,0.13917496800422668,0.9282459616661072,1.0,0.00826637726277113,0.03705615922808647,51.59938430786133,0.9499999284744263,,6.509535312652588,,2.4549999237060547
reference_v22c,0,5,2,0.206,0.3880371153354645,0.6874310374259949,0.5354999899864197,0.5483399629592896,0.3726934790611267,9.285046577453613,0.9499999284744263,,,,
reference_v22c,0,5,3,0.148,0.3105638325214386,0.799480140209198,0.5759999752044678,0.5541633367538452,0.3660869896411896,14.565360069274902,0.9499999284744263,,,,
reference_v22c,0,5,4,0.457,0.1408023238182068,0.9413387179374695,1.0,0.0025863396003842354,0.03127874433994293,54.82274627685547,0.9499999284744263,,,,
reference_v22c,0,5,5,0.3985,0.09508094191551208,0.9593167304992676,1.0,0.0016928334953263402,0.021158631891012192,109.27063751220703,0.9499999284744263,,,,
reference_v22c,0,6,0,0.0545,0.1697579026222229,0.9283738136291504,0.0,1.9124290943145752,0.9614970684051514,21.356935501098633,0.9499999284744263,-1.788610577583313,,26.287500381469727,
reference_v22c,0,6,1,0.333,0.18705235421657562,0.8935106992721558,1.0,0.015271722339093685,0.054752230644226074,49.45315170288086,0.9499999284744263,,5.867921829223633,,2.6875
reference_v22c,0,6,2,0.4495,0.11007393896579742,0.9529536366462708,1.0,0.002120920456945896,0.02493267133831978,38.84831619262695,0.9499999284744263,,,,
reference_v22c,0,6,3,0.2685,0.14337407052516937,0.9377984404563904,1.0,0.002855482744053006,0.032880526036024094,42.02716064453125,0.9499999284744263,,,,
reference_v22c,0,6,4,0.4645,0.1388426274061203,0.9403139352798462,1.0,0.0027193811256438494,0.03161158412694931,67.11576080322266,0.9499999284744263,,,,
reference_v22c,0,6,5,0.394,0.10743292421102524,0.9516274929046631,1.0,0.002187609439715743,0.02497107908129692,90.50788116455078,0.9499999284744263,,,,
reference_v22c,0,6,6,0.6575,0.06075434014201164,0.9740827679634094,1.0,0.001091096200980246,0.013487514108419418,141.34713745117188,0.9499999284744263,,,,
reference_v22c,0,7,0,0.05,0.19735173881053925,0.9131188988685608,0.0,1.897560477256775,0.9478192329406738,14.544828414916992,0.9499999284744263,0.28918325901031494,,30.200000762939453,
reference_v22c,0,7,1,0.322,0.21650177240371704,0.8767896294593811,1.0,0.01859966479241848,0.06409214437007904,52.06808853149414,0.9499999284744263,,4.6884846687316895,,3.744999885559082
reference_v22c,0,7,2,0.425,0.1250753253698349,0.9477061033248901,1.0,0.0023953719064593315,0.028097767382860184,36.30145263671875,0.9499999284744263,,,,
reference_v22c,0,7,3,0.2425,0.14410734176635742,0.9393789172172546,1.0,0.0027774113696068525,0.03249918669462204,40.068687438964844,0.9499999284744263,,,,
reference_v22c,0,7,4,0.447,0.1453256756067276,0.9388098120689392,1.0,0.002786659635603428,0.032730720937252045,77.09931945800781,0.9499999284744263,,,,
reference_v22c,0,7,5,0.314,0.18149976432323456,0.8950051665306091,0.871999979019165,0.1554974615573883,0.12018115818500519,44.1165885925293,0.9499999284744263,,,,
reference_v22c,0,7,6,0.6375,0.08587708324193954,0.9629269242286682,1.0,0.0016375387785956264,0.01938638836145401,96.78981018066406,0.9499999284744263,,,,
reference_v22c,0,7,7,0.6195,0.04786265641450882,0.9809219837188721,1.0,0.0008066989248618484,0.010281775146722794,141.65443420410156,0.9499999284744263,,,,
reference_v22c,0,8,0,0.0235,0.5648036003112793,0.6028976440429688,0.0,1.6530193090438843,0.7891519069671631,15.89205551147461,0.9499999284744263,-0.06437583267688751,,35.025001525878906,
reference_v22c,0,8,1,0.2905,0.2657627761363983,0.8483200669288635,1.0,0.023797454312443733,0.07953467220067978,14.579672813415527,0.9499999284744263,,3.5641274452209473,,11.772500038146973
reference_v22c,0,8,2,0.4335,0.1244826540350914,0.9455315470695496,1.0,0.0025355617981404066,0.02870510146021843,30.287153244018555,0.9499999284744263,,,,
reference_v22c,0,8,3,0.1845,0.14518536627292633,0.9355250000953674,1.0,0.003019156865775585,0.03379381075501442,28.689327239990234,0.9499999284744263,,,,
reference_v22c,0,8,4,0.3925,0.15918365120887756,0.9310627579689026,1.0,0.0032324697822332382,0.036599691957235336,50.15016174316406,0.9499999284744263,,,,
reference_v22c,0,8,5,0.3265,0.19069507718086243,0.8738066554069519,0.871999979019165,0.1264514923095703,0.11002811789512634,48.66569137573242,0.9499999284744263,,,,
reference_v22c,0,8,6,0.6495,0.08845210075378418,0.9616622924804688,1.0,0.0017095765797421336,0.020061630755662918,100.80462646484375,0.9499999284744263,,,,
reference_v22c,0,8,7,0.637,0.05692741274833679,0.9773295521736145,1.0,0.0009703444666229188,0.012310788035392761,134.21897888183594,0.9499999284744263,,,,
reference_v22c,0,8,8,0.4425,0.11609461158514023,0.9523274302482605,1.0,0.002124831546097994,0.02567003294825554,76.68153381347656,0.9499999284744263,,,,
reference_v22c,0,9,0,0.028,0.30911359190940857,0.8177343010902405,0.0,1.821062445640564,0.9037823677062988,41.306278228759766,0.9499999284744263,-0.5101326107978821,,37.9375,
reference_v22c,0,9,1,0.0775,0.1268872767686844,0.9481555819511414,0.0,1.9338332414627075,0.9722686409950256,60.921409606933594,0.9499999284744263,,1.7303744554519653,,22.06999969482422
reference_v22c,0,9,2,0.0155,0.411739706993103,0.7122078537940979,0.0,1.498779296875,0.8525053858757019,38.93168258666992,0.9499999284744263,,,,
reference_v22c,0,9,3,0.01,0.63603276014328,0.5495113730430603,0.0,1.202455759048462,0.7609419822692871,34.24326705932617,0.9499999284744263,,,,
reference_v22c,0,9,4,0.3205,0.2903984487056732,0.8132492899894714,1.0,0.04267140477895737,0.09721371531486511,18.5889835357666,0.9499999284744263,,,,
reference_v22c,0,9,5,0.293,0.18654976785182953,0.8954541087150574,0.871999979019165,0.1550956815481186,0.12002085149288177,39.17771530151367,0.9499999284744263,,,,
reference_v22c,0,9,6,0.654,0.0976494699716568,0.9627173542976379,1.0,0.001545627717860043,0.02045220509171486,99.62169647216797,0.9499999284744263,,,,
reference_v22c,0,9,7,0.648,0.0723031535744667,0.9744433760643005,1.0,0.0010417844168841839,0.01457533985376358,121.50154876708984,0.9499999284744263,,,,
reference_v22c,0,9,8,0.41,0.14278900623321533,0.9463974833488464,1.0,0.0023743384517729282,0.03014295920729637,45.94115447998047,0.9499999284744263,,,,
reference_v22c,0,9,9,0.3475,0.09111343324184418,0.9648870229721069,1.0,0.001415922655723989,0.01918511837720871,106.46286010742188,0.9499999284744263,,,,
reference_v22c,4,0,0,0.3905,7.671079327309371e-10,1.0,1.0,6.087331987702835e-21,0.0,999986.3125,0.9499999284744263,1.9906859397888184,,2.422499895095825,
reference_v22c,4,1,0,0.1995,0.20491498708724976,0.840571939945221,0.29600000381469727,1.3963090181350708,0.7487662434577942,21.53607749938965,0.9499999284744263,2.3747429847717285,,4.829999923706055,
reference_v22c,4,1,1,0.389,0.000633261282928288,0.9996994733810425,1.0,1.3085144928481895e-05,0.00014673545956611633,265.7102355957031,0.9499999284744263,,9.335650444030762,,3.3375000953674316
reference_v22c,4,2,0,0.074,0.09240075200796127,0.9545678496360779,0.0,1.9355638027191162,0.9772382974624634,78.19451141357422,0.9499999284744263,2.2989273071289062,,9.992500305175781,
reference_v22c,4,2,1,0.408,0.04609190300107002,0.9774109125137329,1.0,0.0010580206289887428,0.01126202940940857,118.08938598632812,0.9499999284744263,,9.645735740661621,,3.2149999141693115
reference_v22c,4,2,2,0.4585,0.051209457218647,0.9749575257301331,1.0,0.0011746727395802736,0.012516044080257416,112.075439453125,0.9499999284744263,,,,
reference_v22c,4,3,0,0.0735,0.11748874932527542,0.9468954801559448,0.0,1.9366881847381592,0.9727500677108765,47.784339904785156,0.9499999284744263,1.7564069032669067,,13.3100004196167,
reference_v22c,4,3,1,0.359,0.06594301760196686,0.9711013436317444,1.0,0.001238596742041409,0.014834728091955185,120.29612731933594,0.9499999284744263,,10.017143249511719,,3.2125000953674316
reference_v22c,4,3,2,0.501,0.05616748332977295,0.9755209684371948,1.0,0.001002253731712699,0.01255955919623375,142.19326782226562,0.9499999284744263,,,,
reference_v22c,4,3,3,0.222,0.10380486398935318,0.9531816244125366,1.0,0.0020867513958364725,0.024036746472120285,52.692195892333984,0.9499999284744263,,,,
reference_v22c,4,4,0,0.0535,0.1414678692817688,0.9368877410888672,0.0,1.9288901090621948,0.9670439958572388,23.224924087524414,0.9499999284744263,0.8436301350593567,,16.959999084472656,
reference_v22c,4,4,1,0.3765,0.08679451048374176,0.9618418216705322,1.0,0.0016271641943603754,0.019687987864017487,115.90626525878906,0.9499999284744263,,10.166651725769043,,3.194999933242798
reference_v22c,4,4,2,0.4745,0.06707195192575455,0.9712597727775574,1.0,0.001237611286342144,0.015103794634342194,141.53851318359375,0.9499999284744263,,,,
reference_v22c,4,4,3,0.2225,0.12600135803222656,0.9458563923835754,1.0,0.002486798446625471,0.028825964778661728,45.43913269042969,0.9499999284744263,,,,
reference_v22c,4,4,4,0.582,0.0691576674580574,0.9692034721374512,1.0,0.001262820209376514,0.01571747660636902,104.2413101196289,0.9499999284744263,,,,
reference_v22c,4,5,0,0.0635,0.23921126127243042,0.8795968890190125,0.0,1.8756550550460815,0.9339551329612732,8.895570755004883,0.9499999284744263,-0.5349619388580322,,22.209999084472656,
reference_v22c,4,5,1,0.3685,0.11796919256448746,0.9509097337722778,1.0,0.0022032742854207754,0.02603325992822647,49.945411682128906,0.9499999284744263,,10.041321754455566,,3.2825000286102295
reference_v22c,4,5,2,0.44,0.1292375773191452,0.9458346962928772,1.0,0.0023294040001928806,0.02869172766804695,38.19651412963867,0.9499999284744263,,,,
reference_v22c,4,5,3,0.1685,0.2534981966018677,0.8438608050346375,0.7440000176429749,0.3238595128059387,0.21838736534118652,19.190319061279297,0.9499999284744263,,,,
reference_v22c,4,5,4,0.497,0.11899982392787933,0.9500726461410522,1.0,0.002066180808469653,0.026236649602651596,62.67828369140625,0.9499999284744263,,,,
reference_v22c,4,5,5,0.328,0.08598139137029648,0.9644782543182373,1.0,0.0014231125824153423,0.01866472139954567,93.58544158935547,0.9499999284744263,,,,
reference_v22c,4,6,0,0.066,0.21661333739757538,0.8830569386482239,0.0,1.8832801580429077,0.9386088252067566,16.581775665283203,0.9499999284744263,-0.1196596622467041,,24.302499771118164,
reference_v22c,4,6,1,0.321,0.1907874196767807,0.8812707662582397,0.871999979019165,0.1343642920255661,0.1132446900010109,37.335845947265625,0.9499999284744263,,9.069116592407227,,4.804999828338623
reference_v22c,4,6,2,0.4345,0.116669662296772,0.9501236081123352,1.0,0.002202542731538415,0.02630329132080078,62.987247467041016,0.9499999284744263,,,,
reference_v22c,4,6,3,0.186,0.20538203418254852,0.8908061385154724,0.871999979019165,0.15589302778244019,0.12351632118225098,20.86600112915039,0.9499999284744263,,,,
reference_v22c,4,6,4,0.5195,0.12271326035261154,0.9469820261001587,1.0,0.002337387762963772,0.027839794754981995,62.8103141784668,0.9499999284744263,,,,
reference_v22c,4,6,5,0.302,0.09521999955177307,0.959050714969635,1.0,0.0017692279070615768,0.021445035934448242,72.48114776611328,0.9499999284744263,,,,
reference_v22c,4,6,6,0.6955,0.05286938324570656,0.9788567423820496,1.0,0.0008643470355309546,0.011354595422744751,128.35867309570312,0.9499999284744263,,,,
reference_v22c,4,7,0,0.045,0.5749846696853638,0.5931371450424194,0.0,1.6537684202194214,0.7868446111679077,9.1380615234375,0.9499999284744263,-0.5675950050354004,,33.5625,
reference_v22c,4,7,1,0.14,0.5048801898956299,0.6059001088142395,0.25600001215934753,0.9209500551223755,0.5578981041908264,8.756014823913574,0.9499999284744263,,4.786514759063721,,11.71500015258789
reference_v22c,4,7,2,0.406,0.12233012914657593,0.9457272887229919,1.0,0.002509646350517869,0.028345175087451935,36.835594177246094,0.9499999284744263,,,,
reference_v22c,4,7,3,0.1735,0.2607153356075287,0.8438445329666138,0.8080000281333923,0.21108978986740112,0.16494552791118622,11.357336044311523,0.9499999284744263,,,,
reference_v22c,4,7,4,0.513,0.12258569151163101,0.94614577293396,1.0,0.002461644122377038,0.02822890505194664,47.81975173950195,0.9499999284744263,,,,
reference_v22c,4,7,5,0.231,0.2762649655342102,0.7905837893486023,0.6800000071525574,0.3431054651737213,0.24106982350349426,18.7990779876709,0.9499999284744263,,,,
reference_v22c,4,7,6,0.7045,0.06727100163698196,0.9707829356193542,1.0,0.0012789496686309576,0.01529679074883461,97.08907318115234,0.9499999284744263,,,,
reference_v22c,4,7,7,0.659,0.038999322801828384,0.9834669232368469,1.0,0.0007346926140598953,0.008848395198583603,166.24424743652344,0.9499999284744263,,,,
reference_v22c,4,8,0,0.0685,0.6573308110237122,0.5310366153717041,0.5519999861717224,0.8080298900604248,0.49855154752731323,8.796655654907227,0.9499999284744263,0.20375454425811768,,30.762500762939453,
reference_v22c,4,8,1,0.068,0.5304909348487854,0.6312839984893799,0.12800000607967377,1.121817946434021,0.6844320297241211,8.631087303161621,0.9499999284744263,,3.1672756671905518,,16.247499465942383
reference_v22c,4,8,2,0.3655,0.15623968839645386,0.9194548726081848,0.9359999895095825,0.07877004891633987,0.0744398683309555,31.91522216796875,0.9499999284744263,,,,
reference_v22c,4,8,3,0.1555,0.3614931106567383,0.7613629698753357,0.5519999861717224,0.5364404320716858,0.3498370051383972,11.161108016967773,0.9499999284744263,,,,
reference_v22c,4,8,4,0.4805,0.14352811872959137,0.9373546242713928,1.0,0.0029179558623582125,0.03304136171936989,37.15327835083008,0.9499999284744263,,,,
reference_v22c,4,8,5,0.269,0.17150479555130005,0.8986222147941589,0.871999979019165,0.15339061617851257,0.11691781133413315,22.04537582397461,0.9499999284744263,,,,
reference_v22c,4,8,6,0.6725,0.07568317651748657,0.9672961235046387,1.0,0.00144863105379045,0.017177022993564606,88.89388275146484,0.9499999284744263,,,,
reference_v22c,4,8,7,0.644,0.04206380993127823,0.9820228815078735,1.0,0.0008012273465283215,0.00956840068101883,156.3003692626953,0.9499999284744263,,,,
reference_v22c,4,8,8,0.5835,0.09088271856307983,0.9609732627868652,1.0,0.0017484076088294387,0.020613517612218857,68.05961608886719,0.9499999284744263,,,,
reference_v22c,4,9,0,0.004,0.6200379133224487,0.5512000322341919,0.03999999910593033,1.5607925653457642,0.7319970726966858,27.308332443237305,0.9499999284744263,-0.008178113959729671,,30.75749969482422,
reference_v22c,4,9,1,0.0,0.11354941129684448,0.9562966227531433,0.0,1.9424115419387817,0.9762974381446838,80.83037567138672,0.9499999284744263,,0.6159194707870483,,26.43000030517578
reference_v22c,4,9,2,0.0875,0.4468536674976349,0.6685841679573059,0.06400000303983688,1.3335051536560059,0.7624452710151672,11.086949348449707,0.9499999284744263,,,,
reference_v22c,4,9,3,0.012,0.5839707255363464,0.5718454718589783,0.06400000303983688,1.1206121444702148,0.7172114253044128,16.114883422851562,0.9499999284744263,,,,
reference_v22c,4,9,4,0.1825,0.4570607542991638,0.6879846453666687,0.36000001430511475,0.7722734808921814,0.492352694272995,9.85093879699707,0.9499999284744263,,,,
reference_v22c,4,9,5,0.087,0.5590869188308716,0.5984983444213867,0.1679999977350235,0.9782522916793823,0.6190260052680969,20.670169830322266,0.9499999284744263,,,,
reference_v22c,4,9,6,0.669,0.09584514796733856,0.967157244682312,1.0,0.0013159285299479961,0.01896621659398079,85.39746856689453,0.9499999284744263,,,,
reference_v22c,4,9,7,0.6255,0.06138477846980095,0.9786373972892761,1.0,0.0008625839836895466,0.01228465884923935,152.51596069335938,0.9499999284744263,,,,
reference_v22c,4,9,8,0.532,0.13055014610290527,0.9512425065040588,1.0,0.002062820363789797,0.027195937931537628,59.165531158447266,0.9499999284744263,,,,
reference_v22c,4,9,9,0.464,0.06526476889848709,0.9768255352973938,1.0,0.0008523474098183215,0.012932352721691132,124.49424743652344,0.9499999284744263,,,,
context_ema_retention,0,0,0,0.326,8.432152198700749e-10,1.0,1.0,3.015785402785049e-21,0.0,999943.125,0.9499999284744263,0.9468738436698914,,2.942500114440918,
context_ema_retention,0,1,0,0.083,0.0834708958864212,0.9586235284805298,0.0,1.9192391633987427,0.9793868064880371,84.26765441894531,0.9499999284744263,0.7829716205596924,,7.309999942779541,
context_ema_retention,0,1,1,0.377,0.005418017040938139,0.9974567294120789,1.0,0.00010979660873999819,0.0013242773711681366,225.26722717285156,0.9499999284744263,,8.369945526123047,,2.950000047683716
context_ema_retention,0,2,0,0.052,0.4889620244503021,0.6427318453788757,0.0,1.6758064031600952,0.8181353807449341,25.305063247680664,0.9499999284744263,0.026972180232405663,,12.529999732971191,
context_ema_retention,0,2,1,0.332,0.04434091970324516,0.9830438494682312,1.0,0.0006080177263356745,0.008951123803853989,148.33905029296875,0.9499999284744263,,7.9312968254089355,,3.1075000762939453
context_ema_retention,0,2,2,0.4905,0.07993811368942261,0.9643664360046387,1.0,0.0015745616983622313,0.018265295773744583,110.76348114013672,0.9499999284744263,,,,
context_ema_retention,0,3,0,0.055,0.12897908687591553,0.9426641464233398,0.0,1.9306268692016602,0.970212459564209,39.697845458984375,0.9499999284744263,0.15755519270896912,,13.3149995803833,
context_ema_retention,0,3,1,0.333,0.053398676216602325,0.9770509004592896,1.0,0.000926128588616848,0.01188482716679573,151.622314453125,0.9499999284744263,,8.137425422668457,,2.6449999809265137
context_ema_retention,0,3,2,0.451,0.0789165198802948,0.9641743302345276,1.0,0.0015829055337235332,0.018337517976760864,99.9240951538086,0.9499999284744263,,,,
context_ema_retention,0,3,3,0.3155,0.10915585607290268,0.9515599012374878,1.0,0.0021196973975747824,0.025100484490394592,79.46394348144531,0.9499999284744263,,,,
context_ema_retention,0,4,0,0.01,0.26767727732658386,0.8237841725349426,0.0,1.845697045326233,0.9041406512260437,14.770156860351562,0.9499999284744263,-0.02522467076778412,,18.219999313354492,
context_ema_retention,0,4,1,0.323,0.07838684320449829,0.968368649482727,1.0,0.0012887476477771997,0.016955234110355377,89.80186462402344,0.9499999284744263,,8.791115760803223,,2.4800000190734863
context_ema_retention,0,4,2,0.428,0.08378592133522034,0.9666732549667358,1.0,0.0014086609007790685,0.018172577023506165,130.52774047851562,0.9499999284744263,,,,
context_ema_retention,0,4,3,0.314,0.12816870212554932,0.9466489553451538,1.0,0.0023048724979162216,0.028513096272945404,71.37662506103516,0.9499999284744263,,,,
context_ema_retention,0,4,4,0.6125,0.09638749063014984,0.9586222767829895,1.0,0.0017009871080517769,0.02150030806660652,92.23188018798828,0.9499999284744263,,,,
context_ema_retention,0,5,0,0.0455,0.1256760060787201,0.9496787786483765,0.0,1.9366482496261597,0.9728312492370605,44.02857971191406,0.9499999284744263,-0.7486589550971985,,21.627500534057617,
context_ema_retention,0,5,1,0.064,0.23365777730941772,0.848954439163208,0.1679999977350235,1.5481915473937988,0.8165113925933838,20.44179916381836,0.9499999284744263,,3.6381661891937256,,11.914999961853027
context_ema_retention,0,5,2,0.052,0.5067383646965027,0.5963180065155029,0.12800000607967377,1.0391623973846436,0.6744901537895203,20.675373077392578,0.9499999284744263,,,,
context_ema_retention,0,5,3,0.0555,0.14944058656692505,0.937861979007721,0.0,1.9008055925369263,0.9668095111846924,18.047992706298828,0.9499999284744263,,,,
context_ema_retention,0,5,4,0.5515,0.13441094756126404,0.9434937834739685,1.0,0.0024447483010590076,0.03004486858844757,17.120861053466797,0.9499999284744263,,,,
context_ema_retention,0,5,5,0.447,0.09444563090801239,0.9585438370704651,1.0,0.00174636987503618,0.021376952528953552,90.00082397460938,0.9499999284744263,,,,
context_ema_retention,0,6,0,0.0405,0.3061535656452179,0.8133663535118103,0.0,1.8253531455993652,0.9029755592346191,9.288692474365234,0.9499999284744263,-0.7957136631011963,,26.25,
context_ema_retention,0,6,1,0.277,0.4733971059322357,0.6491008400917053,1.0,0.07557263970375061,0.1782025396823883,38.79740905761719,0.9499999284744263,,7.513903617858887,,3.5
context_ema_retention,0,6,2,0.3765,0.12014385312795639,0.9534773230552673,1.0,0.001982285873964429,0.025733374059200287,24.840797424316406,0.9499999284744263,,,,
context_ema_retention,0,6,3,0.161,0.32931938767433167,0.7855815291404724,0.8080000281333923,0.4061250388622284,0.2906292974948883,14.346766471862793,0.9499999284744263,,,,
context_ema_retention,0,6,4,0.527,0.14288125932216644,0.940837025642395,1.0,0.0025838061701506376,0.03174936771392822,38.3786506652832,0.9499999284744263,,,,
context_ema_retention,0,6,5,0.4195,0.1040140688419342,0.9543582797050476,1.0,0.0019945509266108274,0.023676108568906784,64.03907012939453,0.9499999284744263,,,,
context_ema_retention,0,6,6,0.7325,0.07871513068675995,0.9691950678825378,1.0,0.001246945234015584,0.016632426530122757,138.54739379882812,0.9499999284744263,,,,
context_ema_retention,0,7,0,0.0115,0.3335299491882324,0.7704211473464966,0.0,1.808039665222168,0.87485671043396,8.39469051361084,0.9499999284744263,-0.5689362287521362,,29.792499542236328,
context_ema_retention,0,7,1,0.2875,0.4878726899623871,0.6371713876724243,1.0,0.07901428639888763,0.18781504034996033,50.896358489990234,0.9499999284744263,,7.272428512573242,,4.082499980926514
context_ema_retention,0,7,2,0.3585,0.13000018894672394,0.9503456950187683,1.0,0.002154766349121928,0.02772742509841919,33.64384460449219,0.9499999284744263,,,,
context_ema_retention,0,7,3,0.2005,0.1699938178062439,0.919873833656311,1.0,0.008663815446197987,0.042940884828567505,26.493907928466797,0.9499999284744263,,,,
context_ema_retention,0,7,4,0.537,0.13597950339317322,0.9437049627304077,1.0,0.002443015808239579,0.03013288974761963,50.48937225341797,0.9499999284744263,,,,
context_ema_retention,0,7,5,0.3775,0.11421540379524231,0.9516263008117676,1.0,0.0021349559538066387,0.025596197694540024,67.7652587890625,0.9499999284744263,,,,
context_ema_retention,0,7,6,0.6765,0.09447187185287476,0.9637356996536255,1.0,0.0014853611355647445,0.019853666424751282,74.07434844970703,0.9499999284744263,,,,
context_ema_retention,0,7,7,0.623,0.07368434220552444,0.9735729694366455,1.0,0.0010823089396581054,0.014990590512752533,110.58555603027344,0.9499999284744263,,,,
context_ema_retention,0,8,0,0.0295,0.5736061334609985,0.5887495279312134,0.0,1.6488289833068848,0.7877480983734131,19.064733505249023,0.9499999284744263,-0.3591778874397278,,35.08000183105469,
context_ema_retention,0,8,1,0.002,0.6363685131072998,0.5517888069152832,0.0,1.5902477502822876,0.7610697150230408,21.300823211669922,0.9499999284744263,,3.382550001144409,,20.302499771118164
context_ema_retention,0,8,2,0.354,0.12809786200523376,0.9463573694229126,1.0,0.002394275041297078,0.02861747518181801,19.40177345275879,0.9499999284744263,,,,
context_ema_retention,0,8,3,0.202,0.13456612825393677,0.9421629905700684,1.0,0.0026240949518978596,0.030520446598529816,26.98854637145996,0.9499999284744263,,,,
context_ema_retention,0,8,4,0.372,0.40020260214805603,0.7047562003135681,0.6244999766349792,0.4754024147987366,0.337948739528656,8.615968704223633,0.9499999284744263,,,,
context_ema_retention,0,8,5,0.3325,0.12194781005382538,0.9479203224182129,1.0,0.0023468672297894955,0.027566660195589066,65.77030181884766,0.9499999284744263,,,,
context_ema_retention,0,8,6,0.6565,0.0970357209444046,0.9620054960250854,1.0,0.0015920947771519423,0.0206555537879467,72.81171417236328,0.9499999284744263,,,,
context_ema_retention,0,8,7,0.5995,0.07728273421525955,0.9717815518379211,1.0,0.00118764687795192,0.015931710600852966,103.58039093017578,0.9499999284744263,,,,
context_ema_retention,0,8,8,0.474,0.1245446726679802,0.9535800814628601,1.0,0.0019743165466934443,0.026006218045949936,65.15421295166016,0.9499999284744263,,,,
context_ema_retention,0,9,0,0.0145,0.1600920408964157,0.9339116215705872,0.0,1.9207165241241455,0.9645191431045532,47.3208122253418,0.9499999284744263,1.3955715894699097,,32.220001220703125,
context_ema_retention,0,9,1,0.007,0.12878228724002838,0.9462591409683228,0.0,1.9273755550384521,0.9715209603309631,80.79303741455078,0.9499999284744263,,2.015796661376953,,29.6299991607666
context_ema_retention,0,9,2,0.002,0.15243883430957794,0.9351094961166382,0.0,1.8984555006027222,0.9655768871307373,56.82121658325195,0.9499999284744263,,,,
context_ema_retention,0,9,3,0.146,0.26575544476509094,0.8466652631759644,0.06400000303983688,1.686332106590271,0.8913553953170776,23.74656105041504,0.9499999284744263,,,,
context_ema_retention,0,9,4,0.087,0.20144999027252197,0.9024495482444763,0.0,1.8533366918563843,0.9484938383102417,41.70222091674805,0.9499999284744263,,,,
context_ema_retention,0,9,5,0.34,0.20794497430324554,0.8786212205886841,0.8320000171661377,0.2013065367937088,0.16523803770542145,17.15981101989746,0.9499999284744263,,,,
context_ema_retention,0,9,6,0.629,0.09233932197093964,0.9643130898475647,1.0,0.0015124718192964792,0.01952846348285675,73.32134246826172,0.9499999284744263,,,,
context_ema_retention,0,9,7,0.5765,0.0845310315489769,0.9681529998779297,1.0,0.0013706948375329375,0.01773727312684059,97.59628295898438,0.9499999284744263,,,,
context_ema_retention,0,9,8,0.4215,0.14207778871059418,0.9440615177154541,1.0,0.0024795697536319494,0.030714180320501328,13.990781784057617,0.9499999284744263,,,,
context_ema_retention,0,9,9,0.411,0.0955783799290657,0.96115642786026,1.0,0.0016004201024770737,0.020736001431941986,110.58551788330078,0.9499999284744263,,,,
context_ema_retention,4,0,0,0.3995,6.8349448323346e-10,1.0,1.0,3.2800986890641515e-21,0.0,999979.9375,0.9499999284744263,1.3973416090011597,,2.7925000190734863,
context_ema_retention,4,1,0,0.111,0.10803525149822235,0.9395973682403564,0.0,1.8853602409362793,0.9651358127593994,94.67456817626953,0.9499999284744263,2.621910333633423,,6.789999961853027,
context_ema_retention,4,1,1,0.413,0.0033688503317534924,0.9987229704856873,1.0,4.467602411750704e-05,0.0006603822112083435,244.55935668945312,0.9499999284744263,,9.909490585327148,,3.309999942779541
context_ema_retention,4,2,0,0.1285,0.12316709011793137,0.9404259920120239,0.0,1.9124103784561157,0.9700202941894531,75.17474365234375,0.9499999284744263,-0.8469224572181702,,11.5600004196167,
context_ema_retention,4,2,1,0.4015,0.037719760090112686,0.9825031161308289,1.0,0.0007311059162020683,0.008744742721319199,100.11613464355469,0.9499999284744263,,9.813019752502441,,3.0399999618530273
context_ema_retention,4,2,2,0.499,0.06092207506299019,0.9708279967308044,1.0,0.001315159723162651,0.014594893902540207,162.646728515625,0.9499999284744263,,,,
context_ema_retention,4,3,0,0.0945,0.1236068531870842,0.9432512521743774,0.0,1.9323352575302124,0.9709200859069824,38.08147048950195,0.9499999284744263,-0.978142261505127,,17.270000457763672,
context_ema_retention,4,3,1,0.4065,0.0447157584130764,0.9802289605140686,1.0,0.0008019863162189722,0.010034628212451935,124.99069213867188,0.9499999284744263,,10.478161811828613,,2.7125000953674316
context_ema_retention,4,3,2,0.4335,0.06527832895517349,0.9704453349113464,1.0,0.0012586981756612659,0.01500985398888588,136.3560028076172,0.9499999284744263,,,,
context_ema_retention,4,3,3,0.2745,0.13899531960487366,0.9257878065109253,0.9359999895095825,0.07829778641462326,0.070960134267807,35.922916412353516,0.9499999284744263,,,,
context_ema_retention,4,4,0,0.0535,0.16899801790714264,0.9172219038009644,0.0,1.9089692831039429,0.9561928510665894,29.010683059692383,0.9499999284744263,-0.783607006072998,,21.537500381469727,
context_ema_retention,4,4,1,0.4015,0.06109658628702164,0.9746478199958801,1.0,0.0009872385999187827,0.01314602792263031,92.32048797607422,0.9499999284744263,,9.259110450744629,,3.127500057220459
context_ema_retention,4,4,2,0.427,0.07323135435581207,0.9691707491874695,1.0,0.001303216558881104,0.016178887337446213,149.51206970214844,0.9499999284744263,,,,
context_ema_retention,4,4,3,0.2875,0.12263678014278412,0.9507913589477539,1.0,0.0021600269246846437,0.026884153485298157,47.27315139770508,0.9499999284744263,,,,
context_ema_retention,4,4,4,0.6595,0.10230963677167892,0.9555460214614868,1.0,0.0018535861745476723,0.02297479286789894,93.10443115234375,0.9499999284744263,,,,
context_ema_retention,4,5,0,0.0575,0.17424872517585754,0.9181497693061829,0.0,1.9081605672836304,0.9560106992721558,25.299640655517578,0.9499999284744263,-1.1823229789733887,,25.357500076293945,
context_ema_retention,4,5,1,0.391,0.0823688805103302,0.9659700393676758,1.0,0.0013888333924114704,0.017905645072460175,73.18643951416016,0.9499999284744263,,8.976518630981445,,3.380000114440918
context_ema_retention,4,5,2,0.3785,0.11582144349813461,0.953075647354126,1.0,0.0020089689642190933,0.02528420090675354,31.678035736083984,0.9499999284744263,,,,
context_ema_retention,4,5,3,0.168,0.3832176625728607,0.7280523180961609,0.5519999861717224,0.5954616665840149,0.39377444982528687,9.829108238220215,0.9499999284744263,,,,
context_ema_retention,4,5,4,0.6295,0.1398402452468872,0.9398135542869568,1.0,0.002646308159455657,0.03159700334072113,24.5437068939209,0.9499999284744263,,,,
context_ema_retention,4,5,5,0.3795,0.09470611065626144,0.9613355994224548,1.0,0.0015361488331109285,0.020484406501054764,92.92330169677734,0.9499999284744263,,,,
context_ema_retention,4,6,0,0.056,0.27430352568626404,0.8441238403320312,0.0,1.8464242219924927,0.917182207107544,36.776405334472656,0.9499999284744263,-1.02943754196167,,30.477500915527344,
context_ema_retention,4,6,1,0.3705,0.11243142932653427,0.9426224827766418,1.0,0.007182577159255743,0.02986866980791092,71.1707763671875,0.9499999284744263,,8.386968612670898,,3.549999952316284
context_ema_retention,4,6,2,0.3865,0.11378929018974304,0.9552971124649048,1.0,0.0019158294890075922,0.02442426234483719,62.4511833190918,0.9499999284744263,,,,
context_ema_retention,4,6,3,0.193,0.129781574010849,0.9526610374450684,1.0,0.002005324000492692,0.026867840439081192,23.910888671875,0.9499999284744263,,,,
context_ema_retention,4,6,4,0.5815,0.14231957495212555,0.9404693841934204,1.0,0.002595308003947139,0.03164315223693848,44.728328704833984,0.9499999284744263,,,,
context_ema_retention,4,6,5,0.339,0.11958286911249161,0.9513571858406067,1.0,0.0020506992004811764,0.026088904589414597,58.783870697021484,0.9499999284744263,,,,
context_ema_retention,4,6,6,0.7005,0.07056728005409241,0.973914384841919,1.0,0.0010272128274664283,0.014477632939815521,125.23894500732422,0.9499999284744263,,,,
context_ema_retention,4,7,0,0.0495,0.3462480306625366,0.7835415005683899,0.0,1.797561764717102,0.886142373085022,25.712970733642578,0.9499999284744263,-1.4119709730148315,,35.25749969482422,
context_ema_retention,4,7,1,0.314,0.5596771836280823,0.5894462466239929,1.0,0.08856508135795593,0.2089451402425766,65.93251037597656,0.9499999284744263,,4.976810932159424,,8.737500190734863
context_ema_retention,4,7,2,0.3515,0.24312658607959747,0.849627673625946,1.0,0.026756800711154938,0.07789523899555206,47.0696907043457,0.9499999284744263,,,,
context_ema_retention,4,7,3,0.198,0.11881528049707413,0.950665295124054,1.0,0.002213213127106428,0.026465430855751038,25.279294967651367,0.9499999284744263,,,,
context_ema_retention,4,7,4,0.5275,0.13691101968288422,0.9406492710113525,1.0,0.00267762946896255,0.03126398101449013,55.030662536621094,0.9499999284744263,,,,
context_ema_retention,4,7,5,0.3015,0.12361200898885727,0.9452268481254578,1.0,0.00251570250838995,0.0285964235663414,48.933780670166016,0.9499999284744263,,,,
context_ema_retention,4,7,6,0.704,0.08522128313779831,0.9636209607124329,1.0,0.0016003141645342112,0.019198790192604065,94.64043426513672,0.9499999284744263,,,,
context_ema_retention,4,7,7,0.6225,0.04277869686484337,0.9827437400817871,1.0,0.0007315020775422454,0.009384002536535263,123.16386413574219,0.9499999284744263,,,,
context_ema_retention,4,8,0,0.0595,0.6584149599075317,0.567649781703949,0.0,1.6127666234970093,0.7643834352493286,7.571981430053711,0.9499999284744263,-1.649067997932434,,40.872501373291016,
context_ema_retention,4,8,1,0.0795,0.6265283823013306,0.5940870642662048,0.3840000033378601,1.047850251197815,0.5899454951286316,7.48516321182251,0.9499999284744263,,-0.4350353181362152,,31.8700008392334
context_ema_retention,4,8,2,0.3275,0.2101590931415558,0.8791158199310303,1.0,0.020138142630457878,0.06337756663560867,41.02655792236328,0.9499999284744263,,,,
context_ema_retention,4,8,3,0.1435,0.3343963325023651,0.803920328617096,0.5759999752044678,0.6106036305427551,0.3618696331977844,9.769577026367188,0.9499999284744263,,,,
context_ema_retention,4,8,4,0.5305,0.14274165034294128,0.9408673048019409,1.0,0.0025954616721719503,0.031649310141801834,49.51342010498047,0.9499999284744263,,,,
context_ema_retention,4,8,5,0.274,0.1335582733154297,0.9443206191062927,1.0,0.0025045431684702635,0.029820673167705536,49.317909240722656,0.9499999284744263,,,,
context_ema_retention,4,8,6,0.693,0.10876522213220596,0.9578724503517151,1.0,0.0017952389316633344,0.023206528276205063,94.18086242675781,0.9499999284744263,,,,
context_ema_retention,4,8,7,0.629,0.057990532368421555,0.9787089824676514,1.0,0.0008449407760053873,0.011945415288209915,116.49268341064453,0.9499999284744263,,,,
context_ema_retention,4,8,8,0.514,0.09826292842626572,0.9614778757095337,1.0,0.001638806308619678,0.02101241424679756,80.92611694335938,0.9499999284744263,,,,
context_ema_retention,4,9,0,0.0595,0.6342419385910034,0.5690585374832153,0.0,1.6232917308807373,0.7722458839416504,16.72545051574707,0.9499999284744263,-2.183755874633789,,45.86750030517578,
context_ema_retention,4,9,1,0.0,0.1462712436914444,0.9401175379753113,0.0,1.9136366844177246,0.967926025390625,67.45486450195312,0.9499999284744263,,-3.1109042167663574,,44.86000061035156
context_ema_retention,4,9,2,0.2385,0.29741907119750977,0.8125336766242981,0.6159999966621399,0.703575074672699,0.4144153594970703,11.165257453918457,0.9499999284744263,,,,
context_ema_retention,4,9,3,0.0995,0.6414080262184143,0.5373544692993164,0.06400000303983688,1.1171269416809082,0.6917615532875061,5.422220706939697,0.9499999284744263,,,,
context_ema_retention,4,9,4,0.469,0.21307501196861267,0.8885394334793091,0.871999979019165,0.15581963956356049,0.12425608932971954,13.589439392089844,0.9499999284744263,,,,
context_ema_retention,4,9,5,0.281,0.13632731139659882,0.9440261125564575,1.0,0.0025277521926909685,0.030163250863552094,45.60641098022461,0.9499999284744263,,,,
context_ema_retention,4,9,6,0.6925,0.10446196049451828,0.9609853625297546,1.0,0.001646044198423624,0.02186240255832672,99.90110778808594,0.9499999284744263,,,,
context_ema_retention,4,9,7,0.622,0.06759612262248993,0.976117730140686,1.0,0.0009609253029339015,0.013701535761356354,105.00599670410156,0.9499999284744263,,,,
context_ema_retention,4,9,8,0.415,0.10714250802993774,0.958798348903656,1.0,0.001750195981003344,0.02271972969174385,56.9453125,0.9499999284744263,,,,
context_ema_retention,4,9,9,0.429,0.08327226340770721,0.9681519269943237,1.0,0.0012386442394927144,0.01734089106321335,114.03826904296875,0.9499999284744263,,,,
full_rescue,0,0,0,0.39,1.0102874981043897e-08,1.0,1.0,5.151708565530777e-18,0.0,999990.25,0.9499999284744263,1.4730632305145264,,2.174999952316284,
full_rescue,0,1,0,0.134,0.15932439267635345,0.8866022825241089,0.06400000303983688,1.6730560064315796,0.8842262625694275,20.438953399658203,0.9499999284744263,0.29744356870651245,,5.684999942779541,
full_rescue,0,1,1,0.3495,0.0038084625266492367,0.9981964826583862,1.0,7.837254815967754e-05,0.0009362660348415375,188.14622497558594,0.9499999284744263,,5.481842041015625,,3.422499895095825
full_rescue,0,2,0,0.118,0.13844923675060272,0.9349468946456909,0.0,1.9043587446212769,0.9668981432914734,24.916109085083008,0.9499999284744263,-0.3385083079338074,,10.3725004196167,
full_rescue,0,2,1,0.2995,0.04323781654238701,0.9808349609375,1.0,0.0008280865731649101,0.009788025170564651,96.67649841308594,0.9499999284744263,,4.627660751342773,,4.087500095367432
full_rescue,0,2,2,0.417,0.07665717601776123,0.964156985282898,1.0,0.0016380357556045055,0.01815955713391304,96.06744384765625,0.9499999284744263,,,,
full_rescue,0,3,0,0.088,0.10511931777000427,0.9538422226905823,0.0,1.943841814994812,0.9758560657501221,89.67829895019531,0.9499999284744263,0.7025230526924133,,15.0649995803833,
full_rescue,0,3,1,0.287,0.0483393557369709,0.979478657245636,1.0,0.0008536620298400521,0.010679319500923157,102.50096893310547,0.9499999284744263,,5.343313217163086,,3.692500114440918
full_rescue,0,3,2,0.448,0.0980624109506607,0.9561973810195923,1.0,0.0019569173455238342,0.02256998047232628,74.62197875976562,0.9499999284744263,,,,
full_rescue,0,3,3,0.2745,0.09040305018424988,0.9599989056587219,1.0,0.0017700927564874291,0.020716074854135513,102.83040618896484,0.9499999284744263,,,,
full_rescue,0,4,0,0.05,0.12394709885120392,0.9483762383460999,0.0,1.9357026815414429,0.972419261932373,62.447994232177734,0.9499999284744263,0.09240824729204178,,18.274999618530273,
full_rescue,0,4,1,0.262,0.0659833699464798,0.9727550745010376,1.0,0.0011581005528569221,0.014448311179876328,94.38139343261719,0.9499999284744263,,5.2585954666137695,,4.105000019073486
full_rescue,0,4,2,0.453,0.09588610380887985,0.9576741456985474,1.0,0.0018873254302889109,0.021936386823654175,72.29965209960938,0.9499999284744263,,,,
full_rescue,0,4,3,0.2615,0.10899879783391953,0.9525598287582397,1.0,0.002131534507498145,0.02486289292573929,75.34475708007812,0.9499999284744263,,,,
full_rescue,0,4,4,0.5,0.11498245596885681,0.949339747428894,1.0,0.0022405048366636038,0.02627898007631302,50.3635139465332,0.9499999284744263,,,,
full_rescue,0,5,0,0.0305,0.44896069169044495,0.676729679107666,0.0,1.722883939743042,0.8301909565925598,32.994110107421875,0.9499999284744263,0.6314850449562073,,20.332500457763672,
full_rescue,0,5,1,0.2535,0.11606445163488388,0.9442164301872253,1.0,0.004183687269687653,0.028848838061094284,52.287540435791016,0.9499999284744263,,4.441112995147705,,5.184999942779541
full_rescue,0,5,2,0.342,0.3510940372943878,0.7530465126037598,0.9359999895095825,0.17182941734790802,0.18838781118392944,20.75304412841797,0.9499999284744263,,,,
full_rescue,0,5,3,0.2095,0.559897780418396,0.584466814994812,1.0,0.09258146584033966,0.2166043221950531,42.195098876953125,0.9499999284744263,,,,
full_rescue,0,5,4,0.4025,0.4226952791213989,0.7099635004997253,0.9359999895095825,0.15383166074752808,0.1866014003753662,30.52839469909668,0.9499999284744263,,,,
full_rescue,0,5,5,0.358,0.10320673137903214,0.9550984501838684,1.0,0.0019523822702467442,0.0233476385474205,42.301029205322266,0.9499999284744263,,,,
full_rescue,0,6,0,0.008,0.4599989354610443,0.6797915697097778,0.0,1.7214388847351074,0.8298649191856384,34.24046325683594,0.9499999284744263,1.3844094276428223,,21.6200008392334,
full_rescue,0,6,1,0.2525,0.33497968316078186,0.7566541433334351,1.0,0.05024886876344681,0.1223471537232399,33.41842269897461,0.9499999284744263,,4.361957550048828,,7.392499923706055
full_rescue,0,6,2,0.3335,0.4769527316093445,0.6253482103347778,0.9894999861717224,0.09703712910413742,0.18438279628753662,24.95396614074707,0.9499999284744263,,,,
full_rescue,0,6,3,0.207,0.5664905905723572,0.5850493907928467,1.0,0.0923745259642601,0.2171930968761444,34.4318733215332,0.9499999284744263,,,,
full_rescue,0,6,4,0.4215,0.24296753108501434,0.86040198802948,1.0,0.02227543294429779,0.07322648167610168,34.08852767944336,0.9499999284744263,,,,
full_rescue,0,6,5,0.355,0.10866823047399521,0.9530778527259827,1.0,0.002064312808215618,0.024561572819948196,37.81134796142578,0.9499999284744263,,,,
full_rescue,0,6,6,0.6905,0.0682850182056427,0.9735960364341736,1.0,0.0010785529157146811,0.014278970658779144,101.94850158691406,0.9499999284744263,,,,
full_rescue,0,7,0,0.008,0.39098113775253296,0.7316458225250244,0.0,1.7642041444778442,0.8564908504486084,49.178375244140625,0.9499999284744263,1.1515958309173584,,25.9424991607666,
full_rescue,0,7,1,0.248,0.4720551669597626,0.6389967203140259,1.0,0.07856329530477524,0.18591366708278656,44.0670280456543,0.9499999284744263,,5.050547122955322,,7.737500190734863
full_rescue,0,7,2,0.3025,0.5572386980056763,0.5818086862564087,0.9359999895095825,0.21454033255577087,0.2759200930595398,22.379579544067383,0.9499999284744263,,,,
full_rescue,0,7,3,0.1965,0.5603156685829163,0.5874844789505005,1.0,0.0914689376950264,0.21595340967178345,48.4891471862793,0.9499999284744263,,,,
full_rescue,0,7,4,0.444,0.14145097136497498,0.9342707395553589,1.0,0.003167754504829645,0.0339224636554718,37.83317184448242,0.9499999284744263,,,,
full_rescue,0,7,5,0.291,0.1059914082288742,0.9514243006706238,1.0,0.0022556004114449024,0.025073040276765823,59.76215362548828,0.9499999284744263,,,,
full_rescue,0,7,6,0.6645,0.07246296852827072,0.9681261777877808,1.0,0.001422516885213554,0.0165899395942688,96.4278793334961,0.9499999284744263,,,,
full_rescue,0,7,7,0.6375,0.0544358491897583,0.9761666655540466,1.0,0.0010630636243149638,0.012397237122058868,110.84657287597656,0.9499999284744263,,,,
full_rescue,0,8,0,0.0135,0.27429407835006714,0.8275130987167358,0.0,1.8414280414581299,0.9056731462478638,45.06447219848633,0.9499999284744263,0.898837685585022,,31.22249984741211,
full_rescue,0,8,1,0.2285,0.5540560483932495,0.5872965455055237,1.0,0.09134837985038757,0.21502365171909332,31.71584129333496,0.9499999284744263,,5.292492866516113,,10.067500114440918
full_rescue,0,8,2,0.359,0.4928441345691681,0.6383184790611267,1.0,0.07886918634176254,0.18946662545204163,45.299625396728516,0.9499999284744263,,,,
full_rescue,0,8,3,0.1765,0.5372359752655029,0.6133267283439636,1.0,0.08502727746963501,0.20418299734592438,43.8696403503418,0.9499999284744263,,,,
full_rescue,0,8,4,0.385,0.14471112191677094,0.9316929578781128,1.0,0.003294501220807433,0.03505350649356842,42.28144073486328,0.9499999284744263,,,,
full_rescue,0,8,5,0.272,0.11756762117147446,0.946175754070282,1.0,0.0025245831348001957,0.027858756482601166,39.74237060546875,0.9499999284744263,,,,
full_rescue,0,8,6,0.6555,0.07718508690595627,0.9656671285629272,1.0,0.0015498697757720947,0.017825566232204437,92.5687484741211,0.9499999284744263,,,,
full_rescue,0,8,7,0.6445,0.05720885470509529,0.9747628569602966,1.0,0.001133277197368443,0.013072922825813293,104.51158142089844,0.9499999284744263,,,,
full_rescue,0,8,8,0.4995,0.15115001797676086,0.9212902784347534,1.0,0.00852612592279911,0.04078114777803421,60.96531295776367,0.9499999284744263,,,,
full_rescue,0,9,0,0.053,0.5913888216018677,0.5616179704666138,0.0,1.6329318284988403,0.775537371635437,20.09154510498047,0.9499999284744263,2.0254037380218506,,26.885000228881836,
full_rescue,0,9,1,0.057,0.13190260529518127,0.943756103515625,0.0,1.9190952777862549,0.9703786373138428,53.71571350097656,0.9499999284744263,,4.093912124633789,,23.09749984741211
full_rescue,0,9,2,0.159,0.3290632367134094,0.7872466444969177,0.4480000138282776,1.0829898118972778,0.6293941736221313,9.893577575683594,0.9499999284744263,,,,
full_rescue,0,9,3,0.1095,0.3810919523239136,0.730103075504303,0.4480000138282776,0.7939090728759766,0.5014666318893433,9.554640769958496,0.9499999284744263,,,,
full_rescue,0,9,4,0.3195,0.22576941549777985,0.8717272877693176,0.871999979019165,0.13956059515476227,0.12121551483869553,10.357565879821777,0.9499999284744263,,,,
full_rescue,0,9,5,0.275,0.13243865966796875,0.9449412226676941,1.0,0.0025006532669067383,0.029600437730550766,30.334579467773438,0.9499999284744263,,,,
full_rescue,0,9,6,0.641,0.09042289108037949,0.9658480286598206,1.0,0.001416820683516562,0.0188700333237648,93.64701080322266,0.9499999284744263,,,,
full_rescue,0,9,7,0.626,0.07030539214611053,0.9739211797714233,1.0,0.0010848664678633213,0.014528293162584305,98.4004898071289,0.9499999284744263,,,,
full_rescue,0,9,8,0.4185,0.18256032466888428,0.9223147034645081,1.0,0.007148015312850475,0.043614137917757034,28.68473243713379,0.9499999284744263,,,,
full_rescue,0,9,9,0.43,0.08943228423595428,0.9626270532608032,1.0,0.0015528076328337193,0.019735921174287796,110.8945083618164,0.9499999284744263,,,,
full_rescue,4,0,0,0.3935,3.758983346813238e-09,1.0,1.0,9.715735187742256e-20,0.0,999989.8125,0.9499999284744263,1.6136407852172852,,2.0450000762939453,
full_rescue,4,1,0,0.2035,0.11398594826459885,0.9346210956573486,0.4880000054836273,0.9446434378623962,0.49043458700180054,19.364389419555664,0.9499999284744263,0.3185672163963318,,4.697500228881836,
full_rescue,4,1,1,0.3475,0.0031974727753549814,0.9984761476516724,1.0,6.657333869952708e-05,0.0007445551455020905,226.6156463623047,0.9499999284744263,,5.950289726257324,,3.247499942779541
full_rescue,4,2,0,0.183,0.20684579014778137,0.8750671148300171,0.42399999499320984,0.9825358390808105,0.5264548063278198,13.403170585632324,0.9499999284744263,-0.05047796294093132,,7.210000038146973,
full_rescue,4,2,1,0.298,0.03711206093430519,0.9823328852653503,1.0,0.0007868758402764797,0.008850574493408203,121.59162902832031,0.9499999284744263,,5.7615065574646,,3.565000057220459
full_rescue,4,2,2,0.453,0.04913330078125,0.9762313961982727,1.0,0.0010905279777944088,0.011851102113723755,101.07142639160156,0.9499999284744263,,,,
full_rescue,4,3,0,0.0905,0.20785942673683167,0.8844029307365417,0.0,1.8200404644012451,0.9401163458824158,70.27350616455078,0.9499999284744263,-0.19805940985679626,,11.057499885559082,
full_rescue,4,3,1,0.3,0.043347619473934174,0.9808526039123535,1.0,0.0008118472178466618,0.009778544306755066,115.23757934570312,0.9499999284744263,,5.742745399475098,,3.327500104904175
full_rescue,4,3,2,0.402,0.06619065999984741,0.9701889157295227,1.0,0.0012876155087724328,0.01518179103732109,89.41162872314453,0.9499999284744263,,,,
full_rescue,4,3,3,0.2205,0.11548589169979095,0.948851466178894,1.0,0.002362819155678153,0.02665703371167183,83.65975189208984,0.9499999284744263,,,,
full_rescue,4,4,0,0.0615,0.28755414485931396,0.8238083124160767,0.0,1.7091059684753418,0.9038058519363403,30.383621215820312,0.9499999284744263,-0.22283540666103363,,13.960000038146973,
full_rescue,4,4,1,0.2775,0.054740484803915024,0.9747111201286316,1.0,0.0011359836207702756,0.01282178983092308,80.64888000488281,0.9499999284744263,,5.774233341217041,,4.010000228881836
full_rescue,4,4,2,0.4175,0.059383418411016464,0.972579836845398,1.0,0.0012316403444856405,0.013968046754598618,100.5566177368164,0.9499999284744263,,,,
full_rescue,4,4,3,0.2005,0.1219194158911705,0.9449358582496643,1.0,0.002609045011922717,0.028659481555223465,46.25490951538086,0.9499999284744263,,,,
full_rescue,4,4,4,0.493,0.1025259792804718,0.952075183391571,1.0,0.0022095052991062403,0.024350278079509735,83.69422912597656,0.9499999284744263,,,,
full_rescue,4,5,0,0.0655,0.2831234931945801,0.8285659551620483,0.0,1.8294334411621094,0.9107633829116821,7.259629249572754,0.9499999284744263,0.0636984333395958,,16.25749969482422,
full_rescue,4,5,1,0.2325,0.15238212049007416,0.9051979780197144,1.0,0.014555643312633038,0.047564797103405,35.52290344238281,0.9499999284744263,,4.551222324371338,,6.96750020980835
full_rescue,4,5,2,0.372,0.09891624748706818,0.95466548204422,1.0,0.002084295731037855,0.023380205035209656,53.39637756347656,0.9499999284744263,,,,
full_rescue,4,5,3,0.173,0.1879667490720749,0.8979641795158386,1.0,0.012483201920986176,0.052874404937028885,26.87186050415039,0.9499999284744263,,,,
full_rescue,4,5,4,0.4415,0.12624907493591309,0.9410200715065002,1.0,0.002759150229394436,0.030093573033809662,60.18157196044922,0.9499999284744263,,,,
full_rescue,4,5,5,0.3945,0.07604218274354935,0.9655476808547974,1.0,0.0015045813051983714,0.017534039914608,79.96271514892578,0.9499999284744263,,,,
full_rescue,4,6,0,0.0625,0.44228634238243103,0.7210904955863953,0.0,1.710170865058899,0.8512864112854004,8.671480178833008,0.9499999284744263,0.3251347839832306,,19.887500762939453,
full_rescue,4,6,1,0.2345,0.08799267560243607,0.9600557684898376,1.0,0.0018175491131842136,0.020497601479291916,48.3161735534668,0.9499999284744263,,4.838796615600586,,7.684999942779541
full_rescue,4,6,2,0.385,0.0933029055595398,0.9578012824058533,1.0,0.0019331708317622542,0.02184402197599411,68.67325592041016,0.9499999284744263,,,,
full_rescue,4,6,3,0.1585,0.17099280655384064,0.9141454696655273,1.0,0.00928959995508194,0.04512215033173561,28.285263061523438,0.9499999284744263,,,,
full_rescue,4,6,4,0.4275,0.12647730112075806,0.9423614144325256,1.0,0.002682378049939871,0.029744595289230347,50.81239700317383,0.9499999284744263,,,,
full_rescue,4,6,5,0.4055,0.09570710361003876,0.9566088318824768,1.0,0.001957240514457226,0.02220909669995308,72.06932067871094,0.9499999284744263,,,,
full_rescue,4,6,6,0.663,0.061847835779190063,0.9736335873603821,1.0,0.0011381086660549045,0.01378900557756424,102.7773208618164,0.9499999284744263,,,,
full_rescue,4,7,0,0.0665,0.5076704025268555,0.6694588661193848,0.0,1.6731499433517456,0.823876678943634,15.243779182434082,0.9499999284744263,0.4201102554798126,,23.4950008392334,
full_rescue,4,7,1,0.2285,0.09301109611988068,0.9567228555679321,1.0,0.0020269551314413548,0.022056952118873596,41.41587829589844,0.9499999284744263,,4.753272533416748,,8.774999618530273
full_rescue,4,7,2,0.367,0.10482801496982574,0.9512238502502441,1.0,0.0023005614057183266,0.025071613490581512,52.16638946533203,0.9499999284744263,,,,
full_rescue,4,7,3,0.154,0.2600838840007782,0.843424916267395,1.0,0.026940295472741127,0.08201441168785095,42.46314239501953,0.9499999284744263,,,,
full_rescue,4,7,4,0.415,0.12144402414560318,0.9432443976402283,1.0,0.0026727213989943266,0.02898961305618286,51.995880126953125,0.9499999284744263,,,,
full_rescue,4,7,5,0.37,0.09715556353330612,0.9547998309135437,1.0,0.0021263749804347754,0.023083936423063278,67.69237518310547,0.9499999284744263,,,,
full_rescue,4,7,6,0.65,0.07328260689973831,0.9667235016822815,1.0,0.0015184992225840688,0.017102327197790146,99.74807739257812,0.9499999284744263,,,,
full_rescue,4,7,7,0.6395,0.050324976444244385,0.9781114459037781,1.0,0.0009879308054223657,0.011514708399772644,104.36834716796875,0.9499999284744263,,,,
full_rescue,4,8,0,0.0995,0.6326834559440613,0.5282498002052307,0.0,1.604298710823059,0.7535731792449951,12.991438865661621,0.9499999284744263,0.9237436652183533,,24.19499969482422,
full_rescue,4,8,1,0.2125,0.11235459893941879,0.9484175443649292,1.0,0.0024193034041672945,0.026455193758010864,15.84726333618164,0.9499999284744263,,5.231818199157715,,10.795000076293945
full_rescue,4,8,2,0.374,0.10959059745073318,0.9491209983825684,1.0,0.002401214325800538,0.026160206645727158,62.62440872192383,0.9499999284744263,,,,
full_rescue,4,8,3,0.1535,0.1854669451713562,0.9029493927955627,0.9359999895095825,0.10669393837451935,0.08564344048500061,13.270484924316406,0.9499999284744263,,,,
full_rescue,4,8,4,0.409,0.13593684136867523,0.9370810985565186,1.0,0.002987645100802183,0.03233017399907112,33.07554244995117,0.9499999284744263,,,,
full_rescue,4,8,5,0.375,0.10036468505859375,0.9539469480514526,1.0,0.0021680162753909826,0.023680567741394043,64.4481201171875,0.9499999284744263,,,,
full_rescue,4,8,6,0.6025,0.07804369926452637,0.9653275609016418,1.0,0.001598313800059259,0.018071811646223068,83.91352844238281,0.9499999284744263,,,,
full_rescue,4,8,7,0.63,0.05283568426966667,0.9775295257568359,1.0,0.0010047729592770338,0.011948898434638977,106.49576568603516,0.9499999284744263,,,,
full_rescue,4,8,8,0.4655,0.09774691611528397,0.9566248655319214,1.0,0.001993990270420909,0.022580567747354507,64.90058898925781,0.9499999284744263,,,,
full_rescue,4,9,0,0.053,0.4783989489078522,0.6852636933326721,0.0,1.5611062049865723,0.8282384872436523,20.7552433013916,0.9499999284744263,-0.12622767686843872,,37.505001068115234,
full_rescue,4,9,1,0.061,0.1350313425064087,0.9384982585906982,0.0,1.9164174795150757,0.9682433605194092,45.27042007446289,0.9499999284744263,,2.8053905963897705,,22.392499923706055
full_rescue,4,9,2,0.3115,0.165253147482872,0.9099879264831543,0.871999979019165,0.2016158401966095,0.13777676224708557,13.591696739196777,0.9499999284744263,,,,
full_rescue,4,9,3,0.1125,0.3579035699367523,0.7644525170326233,0.5759999752044678,0.508274495601654,0.35425788164138794,7.471712112426758,0.9499999284744263,,,,
full_rescue,4,9,4,0.324,0.14103926718235016,0.9365279674530029,1.0,0.002989990171045065,0.0330379381775856,20.068086624145508,0.9499999284744263,,,,
full_rescue,4,9,5,0.3655,0.10780392587184906,0.9514894485473633,1.0,0.0022674244828522205,0.025134652853012085,48.23188018798828,0.9499999284744263,,,,
full_rescue,4,9,6,0.6195,0.0817718505859375,0.9660975337028503,1.0,0.0015185392694547772,0.018148425966501236,81.92497253417969,0.9499999284744263,,,,
full_rescue,4,9,7,0.607,0.0629759207367897,0.9742778539657593,1.0,0.0011430266313254833,0.013882767409086227,104.62419891357422,0.9499999284744263,,,,
full_rescue,4,9,8,0.4295,0.11160742491483688,0.9521886706352234,1.0,0.002205874305218458,0.025345131754875183,42.62850570678711,0.9499999284744263,,,,
full_rescue,4,9,9,0.418,0.080440454185009,0.9647870659828186,1.0,0.0015691316220909357,0.018341969698667526,100.57424926757812,0.9499999284744263,,,,
