variant,seed,task_id,epoch,loss,task,memory,base_replay,extra_replay,context_retention,host_balance
reference_v22c,0,0,0,2.9113427045497486,1.891478718595302,0.0,0.0,0.0,0.0,0.0
reference_v22c,0,0,1,1.4413328957050404,1.1544945138566038,0.0,0.0,0.0,0.0,0.0
reference_v22c,0,0,2,1.3482037630486996,1.079968085948457,0.0,0.0,0.0,0.0,0.0
reference_v22c,0,0,3,1.2731238451409848,1.0104186078335375,0.0,0.0,0.0,0.0,0.0
reference_v22c,0,0,4,1.2265508961170277,0.9711094612770892,0.0,0.0,0.0,0.0,0.0
reference_v22c,0,0,5,1.182075965911784,0.9316938291204736,0.0,0.0,0.0,0.0,0.0
reference_v22c,0,0,6,1.1469555662033406,0.9018039957005927,0.0,0.0,0.0,0.0,0.0
reference_v22c,0,0,7,1.1083605048504281,0.8673155485315526,0.0,0.0,0.0,0.0,0.0
reference_v22c,0,1,0,8.174954739022763,4.0215945370653845,0.6989303930884566,1.429490015861836,0.0,0.0,0.0
reference_v22c,0,1,1,2.9073327602224146,1.376553713007176,0.17380551343902628,1.0018289964249794,0.0,0.0,0.0
reference_v22c,0,1,2,2.4293643058614527,1.1490941504214673,0.09713511612821132,0.8789257128187951,0.0,0.0,0.0
reference_v22c,0,1,3,2.276724800150445,1.074808657169342,0.08119375282462607,0.8432574525792548,0.0,0.0,0.0
reference_v22c,0,1,4,2.078335427223368,1.000559759900925,0.06756722958798105,0.7452787921783772,0.0,0.0,0.0
reference_v22c,0,1,5,1.984533558500574,0.9463622303719216,0.07790206967199102,0.7066849596956943,0.0,0.0,0.0
reference_v22c,0,1,6,1.8873496638967635,0.8992149373318287,0.0775379090708621,0.6671667441408685,0.0,0.0,0.0
reference_v22c,0,1,7,1.7907080599602232,0.8677492268542026,0.06908804352613206,0.6175153306190003,0.0,0.0,0.0
reference_v22c,0,2,0,7.072338662248977,3.41754693934258,0.5550219091705042,1.2077669691532216,0.0,0.0,0.0
reference_v22c,0,2,1,2.397732917298662,0.9404207239759729,0.19663435331684478,0.9166235492584554,0.0,0.0,0.0
reference_v22c,0,2,2,2.022261325349199,0.770069308737491,0.12177893487696952,0.8370309269174616,0.0,0.0,0.0
reference_v22c,0,2,3,1.8440616283010929,0.700019822475758,0.09275884656830037,0.7749148138025974,0.0,0.0,0.0
reference_v22c,0,2,4,1.7495455691154966,0.6606465400533473,0.08478425791923036,0.7453248932006511,0.0,0.0,0.0
reference_v22c,0,2,5,1.6705913112518636,0.6287350464374462,0.07956628675790543,0.7111733961612621,0.0,0.0,0.0
reference_v22c,0,2,6,1.6009059231332008,0.6168533747500562,0.08267313067583328,0.6596156295309675,0.0,0.0,0.0
reference_v22c,0,2,7,1.524453454829277,0.5902788379090897,0.06723057018949631,0.6340562650497924,0.0,0.0,0.0
reference_v22c,0,3,0,6.8207237974126285,3.341542992186039,0.6207660791910874,1.1733637972080961,0.0,0.0,0.0
reference_v22c,0,3,1,2.6158843547739883,0.9935438087645997,0.19989489843236638,1.0110534454913849,0.0,0.0,0.0
reference_v22c,0,3,2,2.1639091816354306,0.820239431046425,0.12220031657117478,0.8912507282926682,0.0,0.0,0.0
reference_v22c,0,3,3,1.9973050381274933,0.7730801219635821,0.107919269102685,0.81757601144466,0.0,0.0,0.0
reference_v22c,0,3,4,1.8632678833413632,0.7303963988385302,0.09716774840304192,0.7582202503021728,0.0,0.0,0.0
reference_v22c,0,3,5,1.7934527168882655,0.6992379350865141,0.0880687656871816,0.735143964594983,0.0,0.0,0.0
reference_v22c,0,3,6,1.6922560372251145,0.6627763712659795,0.0865956906308519,0.6889145184070506,0.0,0.0,0.0
reference_v22c,0,3,7,1.643850732356944,0.6465710946854125,0.08303849399089813,0.6693844376726353,0.0,0.0,0.0
reference_v22c,0,4,0,6.955951918946936,3.257494324065269,0.718184769786105,1.0925963229321418,0.0,0.0,0.0
reference_v22c,0,4,1,2.6402766146558396,0.8917789446546677,0.3325647708583385,1.0025878535940291,0.0,0.0,0.0
reference_v22c,0,4,2,2.112623410022005,0.7136196861875818,0.19255558544016899,0.8869055928067958,0.0,0.0,0.0
reference_v22c,0,4,3,1.9092357006478817,0.6478685774701707,0.14424664130870332,0.8230877112835011,0.0,0.0,0.0
reference_v22c,0,4,4,1.7951239499639957,0.6186479025698722,0.12932899277260962,0.7712516188621521,0.0,0.0,0.0
reference_v22c,0,4,5,1.7193580155676984,0.5944611011667454,0.11465275477855763,0.749652772507769,0.0,0.0,0.0
reference_v22c,0,4,6,1.6392061025538343,0.5758499471431083,0.10240398236411682,0.7116085925000779,0.0,0.0,0.0
reference_v22c,0,4,7,1.5754078423723261,0.5641602639188158,0.09703304364960244,0.6747072985831727,0.0,0.0,0.0
reference_v22c,0,5,0,6.2857058149703,3.12783626546251,0.6841639020372315,1.1665891751329949,0.0,0.0,0.0
reference_v22c,0,5,1,2.6635510262022626,1.0349678549360721,0.26872005488010164,0.97448697242331,0.0,0.0,0.0
reference_v22c,0,5,2,2.2180703979857426,0.8829576893055693,0.1875276172414739,0.8545545073265725,0.0,0.0,0.0
reference_v22c,0,5,3,2.0659889540773757,0.8082821724262643,0.1654559906492842,0.8289459144815485,0.0,0.0,0.0
reference_v22c,0,5,4,1.9294710793393723,0.7479747901571557,0.14462097115973208,0.7875992376753624,0.0,0.0,0.0
reference_v22c,0,5,5,1.842635842079812,0.7091186350964486,0.1303967204182706,0.769002413496058,0.0,0.0,0.0
reference_v22c,0,5,6,1.7374246906726918,0.6832238169426613,0.12165923717808216,0.7028990248416332,0.0,0.0,0.0
reference_v22c,0,5,7,1.7008880224633725,0.6570595299943964,0.11919424524332614,0.7093959678994849,0.0,0.0,0.0
reference_v22c,0,6,0,4.615134543560921,2.3711739410745336,0.39357336272384513,0.843513160309893,0.0,0.0,0.0
reference_v22c,0,6,1,1.689937208561187,0.55809644942588,0.13797904646143,0.7371122139565488,0.0,0.0,0.0
reference_v22c,0,6,2,1.4924305347686118,0.5160697559092907,0.0946402667050666,0.6978296878490042,0.0,0.0,0.0
reference_v22c,0,6,3,1.4216250206561798,0.5015034498052394,0.08889370221406856,0.669469693873791,0.0,0.0,0.0
reference_v22c,0,6,4,1.3466988675137783,0.49033296869156207,0.07833494689870388,0.6296632442068546,0.0,0.0,0.0
reference_v22c,0,6,5,1.292875236653267,0.48088243096432787,0.07242423819100603,0.600782186427015,0.0,0.0,0.0
reference_v22c,0,6,6,1.2882705444985247,0.47372342551008184,0.0713863970434412,0.6119550853333575,0.0,0.0,0.0
reference_v22c,0,6,7,1.253862515408942,0.4741076947526729,0.06861441162355403,0.5867076826856491,0.0,0.0,0.0
reference_v22c,0,7,0,4.310619344102576,2.397995300749515,0.37177225144049036,0.7164336823402567,0.0,0.0,0.0
reference_v22c,0,7,1,1.634799097446685,0.6257982691551777,0.13540062324163762,0.6583085326438255,0.0,0.0,0.0
reference_v22c,0,7,2,1.4352546067948038,0.5615184827053801,0.09272201708022584,0.6221279679460728,0.0,0.0,0.0
reference_v22c,0,7,3,1.3448440216957254,0.5376016326407169,0.08327064504648776,0.5842136677275312,0.0,0.0,0.0
reference_v22c,0,7,4,1.284336820561835,0.5152841907866458,0.07234475167190775,0.5701869282316654,0.0,0.0,0.0
reference_v22c,0,7,5,1.2453667280521798,0.5002357712451447,0.0685737651396305,0.5582085606899667,0.0,0.0,0.0
reference_v22c,0,7,6,1.2098773819334963,0.49019034555617796,0.06622155177149366,0.5420213665099854,0.0,0.0,0.0
reference_v22c,0,7,7,1.183868999176837,0.48148549807832597,0.06218758487003915,0.53419177456105,0.0,0.0,0.0
reference_v22c,0,8,0,4.643448687614279,2.493971841132387,0.502443275920027,0.682759922869662,0.0,0.0,0.0
reference_v22c,0,8,1,1.8683740204953132,0.721053770247926,0.19430901585741245,0.7035700399824913,0.0,0.0,0.0
reference_v22c,0,8,2,1.534792813848942,0.6453313542173263,0.1251545347114827,0.6229597241320508,0.0,0.0,0.0
reference_v22c,0,8,3,1.4241036252772554,0.602641799982558,0.1045592208491995,0.589339387543658,0.0,0.0,0.0
reference_v22c,0,8,4,1.3614863918182698,0.5809240081208817,0.09674537213558847,0.565056674657984,0.0,0.0,0.0
reference_v22c,0,8,5,1.3216132838675316,0.5576921999454498,0.09431012085777649,0.558936301698076,0.0,0.0,0.0
reference_v22c,0,8,6,1.2659583878009877,0.546180157585347,0.0844368319562141,0.5318768436604357,0.0,0.0,0.0
reference_v22c,0,8,7,1.2266136712216316,0.5287640037688803,0.08246545810648735,0.5163585087086292,0.0,0.0,0.0
reference_v22c,0,9,0,5.289495752212849,3.093693829597311,0.6393920676837999,0.7492317658789615,0.0,0.0,0.0
reference_v22c,0,9,1,2.4828585513094636,1.0840194085811048,0.33433027660593073,0.7684236739544158,0.0,0.0,0.0
reference_v22c,0,9,2,2.0833012448980455,0.930530678718648,0.22594185585671284,0.744655189361978,0.0,0.0,0.0
reference_v22c,0,9,3,1.8847573767317103,0.8448365647742089,0.17885606846910843,0.7055726989786676,0.0,0.0,0.0
reference_v22c,0,9,4,1.7620577761467466,0.7856403779476246,0.15989269030855058,0.6754177669261364,0.0,0.0,0.0
reference_v22c,0,9,5,1.6692800420395872,0.7345473500008278,0.15098931561125087,0.6504365332583164,0.0,0.0,0.0
reference_v22c,0,9,6,1.5929817646107776,0.6956985922569924,0.1398105798883641,0.6334506209860457,0.0,0.0,0.0
reference_v22c,0,9,7,1.538646401243007,0.6560915251995655,0.13400748911056112,0.6268812709666313,0.0,0.0,0.0
reference_v22c,4,0,0,2.7753978079937873,1.933683045366977,0.0,0.0,0.0,0.0,0.0
reference_v22c,4,0,1,1.4792470805188442,1.2006573321971488,0.0,0.0,0.0,0.0,0.0
reference_v22c,4,0,2,1.3846799464935953,1.1191459577134315,0.0,0.0,0.0,0.0,0.0
reference_v22c,4,0,3,1.3075746678291482,1.048548288801883,0.0,0.0,0.0,0.0,0.0
reference_v22c,4,0,4,1.2495245476986498,0.9968615833749163,0.0,0.0,0.0,0.0,0.0
reference_v22c,4,0,5,1.2040775012462697,0.9573731447787995,0.0,0.0,0.0,0.0,0.0
reference_v22c,4,0,6,1.157318891362941,0.9145969887997242,0.0,0.0,0.0,0.0,0.0
reference_v22c,4,0,7,1.1246770671073427,0.8863844896884675,0.0,0.0,0.0,0.0,0.0
reference_v22c,4,1,0,7.23875925388742,3.306487605926838,0.4275124904475462,1.3795419906048065,0.0,0.0,0.0
reference_v22c,4,1,1,2.9704999517887196,1.3783541080799508,0.15268449802347955,1.098832130432129,0.0,0.0,0.0
reference_v22c,4,1,2,2.553763673660603,1.1470697496799713,0.09517813901951973,1.0177623439342418,0.0,0.0,0.0
reference_v22c,4,1,3,2.369899663519352,1.0629451908963792,0.08163353705659826,0.9479400553601853,0.0,0.0,0.0
reference_v22c,4,1,4,2.274502769429633,1.015866958080454,0.07440032096619302,0.9201743615434524,0.0,0.0,0.0
reference_v22c,4,1,5,2.2130663242745907,0.9756891511856242,0.07228763480769827,0.9099928787414063,0.0,0.0,0.0
reference_v22c,4,1,6,2.134704982980769,0.944346307440007,0.06835998808766933,0.878265880523844,0.0,0.0,0.0
reference_v22c,4,1,7,2.053931883040895,0.9072059862157131,0.06854032138560681,0.8400091960075053,0.0,0.0,0.0
reference_v22c,4,2,0,6.4688165390745125,3.140951194661729,0.4503589950084054,1.3376031251663858,0.0,0.0,0.0
reference_v22c,4,2,1,2.387375902622304,0.8890256742213635,0.16721289382970078,1.0286793822937823,0.0,0.0,0.0
reference_v22c,4,2,2,2.081009532542939,0.729973905898155,0.10490485201490686,0.9747273300556426,0.0,0.0,0.0
reference_v22c,4,2,3,1.9383603867064132,0.6755678615671523,0.07504062053370983,0.9335163527346672,0.0,0.0,0.0
reference_v22c,4,2,4,1.8359899064327807,0.6491942545200916,0.0651216263625216,0.8805347059635406,0.0,0.0,0.0
reference_v22c,4,2,5,1.8016929220645985,0.6233325664033281,0.06382967246339676,0.8804653768843793,0.0,0.0,0.0
reference_v22c,4,2,6,1.7610035779628348,0.6157378433866704,0.05951374991143003,0.8589740991592407,0.0,0.0,0.0
reference_v22c,4,2,7,1.6912369195451127,0.6087559715230414,0.06179435162785205,0.8002781221207153,0.0,0.0,0.0
reference_v22c,4,3,0,6.528097761438248,3.143572223947403,0.6380804373062243,1.2751299282337756,0.0,0.0,0.0
reference_v22c,4,3,1,2.7604967076727687,1.0928191390443356,0.24033659855101971,1.0948016744978883,0.0,0.0,0.0
reference_v22c,4,3,2,2.3460440635681152,0.9289501689850016,0.14962609920729983,0.9827655896227411,0.0,0.0,0.0
reference_v22c,4,3,3,2.176964671053785,0.8545931374773066,0.12617093720968733,0.9336131024867931,0.0,0.0,0.0
reference_v22c,4,3,4,2.0946812350699244,0.8121542702329919,0.10800297621716844,0.9272055625915527,0.0,0.0,0.0
reference_v22c,4,3,5,1.979727752665256,0.7812337951457247,0.09971539977383106,0.8590662885219493,0.0,0.0,0.0
reference_v22c,4,3,6,1.9364601145399378,0.7522704677378877,0.09773405086486897,0.854686068727615,0.0,0.0,0.0
reference_v22c,4,3,7,1.87878473768843,0.7322526276111603,0.09795626522378718,0.8263587190749797,0.0,0.0,0.0
reference_v22c,4,4,0,6.332685780017934,3.081683399829459,0.5715259725155633,1.2161261337868712,0.0,0.0,0.0
reference_v22c,4,4,1,2.4701982051768203,0.8321806471398536,0.21744849231648952,1.0354075241596141,0.0,0.0,0.0
reference_v22c,4,4,2,2.0983805681796786,0.7030867135271113,0.1412636580619406,0.9561941750506138,0.0,0.0,0.0
reference_v22c,4,4,3,1.9580627882734258,0.6519927953151946,0.11575332046189207,0.9218446764540165,0.0,0.0,0.0
reference_v22c,4,4,4,1.842983547677385,0.6233970522880554,0.0974105491917184,0.872043068104602,0.0,0.0,0.0
reference_v22c,4,4,5,1.7790839874998052,0.6058560356180719,0.09329480820513786,0.8425219097035996,0.0,0.0,0.0
reference_v22c,4,4,6,1.7307853622639433,0.5864975725082641,0.08852824679714569,0.8354421866701004,0.0,0.0,0.0
reference_v22c,4,4,7,1.6886427681496803,0.5751317986782561,0.0816881296799538,0.815768764374104,0.0,0.0,0.0
reference_v22c,4,5,0,6.2540664977215705,3.058874717418184,0.7074635104232159,1.155459500373678,0.0,0.0,0.0
reference_v22c,4,5,1,2.590127168817723,0.9759217031458591,0.2546989451697532,1.033549392476995,0.0,0.0,0.0
reference_v22c,4,5,2,2.214263441714835,0.8169986149098011,0.17271913651456225,0.9690667137186578,0.0,0.0,0.0
reference_v22c,4,5,3,2.0129434758044304,0.7522158622741699,0.14184392402146725,0.8865063241187562,0.0,0.0,0.0
reference_v22c,4,5,4,1.8987819133920874,0.706702729488941,0.12301504072990824,0.8500909564342904,0.0,0.0,0.0
reference_v22c,4,5,5,1.8216082466409562,0.6735577760858739,0.10914492638821298,0.8308451289826251,0.0,0.0,0.0
reference_v22c,4,5,6,1.7427000010267217,0.6489015145504728,0.10313571973683987,0.7930285524814686,0.0,0.0,0.0
reference_v22c,4,5,7,1.6685690195002454,0.6306002571227702,0.09195541447781502,0.7559792437451951,0.0,0.0,0.0
reference_v22c,4,6,0,5.242398946843249,2.6934988663551653,0.4517901510805473,0.9185928131671662,0.0,0.0,0.0
reference_v22c,4,6,1,1.7267988666575005,0.5631278087484076,0.1550028663366399,0.7853116393089294,0.0,0.0,0.0
reference_v22c,4,6,2,1.5161649774997792,0.5211638002953631,0.09803353281731302,0.7295636915146037,0.0,0.0,0.0
reference_v22c,4,6,3,1.4519679876084024,0.5078531769995994,0.08230164789773048,0.711365910286599,0.0,0.0,0.0
reference_v22c,4,6,4,1.3959907014319237,0.496808518754675,0.0795416904890791,0.679210807414765,0.0,0.0,0.0
reference_v22c,4,6,5,1.3573673532364217,0.48939704831610337,0.06914120341869111,0.6674493703436344,0.0,0.0,0.0
reference_v22c,4,6,6,1.3541542748187452,0.4881477768116809,0.06806133124739566,0.6727277382891229,0.0,0.0,0.0
reference_v22c,4,6,7,1.3181730077621785,0.4811433769286947,0.06731711954195449,0.6496169757335744,0.0,0.0,0.0
reference_v22c,4,7,0,4.5426961868367295,2.1936470130656627,0.34120034478781924,0.762672762921516,0.0,0.0,0.0
reference_v22c,4,7,1,1.7893899806002354,0.6086498955462841,0.11010616779961485,0.7332681125782906,0.0,0.0,0.0
reference_v22c,4,7,2,1.4555259156734386,0.5500135199820742,0.07311628687571972,0.6723979622759717,0.0,0.0,0.0
reference_v22c,4,7,3,1.3730281845052192,0.52044374511597,0.0615801953888954,0.6558678619405056,0.0,0.0,0.0
reference_v22c,4,7,4,1.3196282691143928,0.5094123305158412,0.06088335645642686,0.6273098423125896,0.0,0.0,0.0
reference_v22c,4,7,5,1.2786307766082439,0.49478343382794804,0.0590273657060684,0.6113949113703788,0.0,0.0,0.0
reference_v22c,4,7,6,1.2383654142947906,0.48590503728136103,0.05491036501653651,0.5912203300506511,0.0,0.0,0.0
reference_v22c,4,7,7,1.2257216243033713,0.48211319332427166,0.057132472303953574,0.5859211296477216,0.0,0.0,0.0
reference_v22c,4,8,0,4.82315937508928,2.7058819849440394,0.4689661090410346,0.7341290902584157,0.0,0.0,0.0
reference_v22c,4,8,1,1.7436918349976236,0.6634872086504673,0.1455122397301045,0.7438570248319748,0.0,0.0,0.0
reference_v22c,4,8,2,1.5141100147937208,0.6077608421761939,0.086633452234116,0.6877061293480244,0.0,0.0,0.0
reference_v22c,4,8,3,1.4054523148435227,0.576880453114814,0.06991348891182149,0.6412694821966455,0.0,0.0,0.0
reference_v22c,4,8,4,1.361286201375596,0.5606858540088573,0.06384555932055129,0.6295580147428715,0.0,0.0,0.0
reference_v22c,4,8,5,1.3404544033902757,0.5493611985064567,0.06484699645575057,0.6258431330640265,0.0,0.0,0.0
reference_v22c,4,8,6,1.3000191374027983,0.5333155158986437,0.06365337928241872,0.6083470037642945,0.0,0.0,0.0
reference_v22c,4,8,7,1.2629559826343617,0.5222588904360508,0.06234469169631918,0.5875910152780249,0.0,0.0,0.0
reference_v22c,4,9,0,4.930346280970472,2.8167421944597932,0.5622470045156792,0.8423041549134762,0.0,0.0,0.0
reference_v22c,4,9,1,2.2459053409860488,1.0171516322075052,0.16362816586773446,0.8700231795615339,0.0,0.0,0.0
reference_v22c,4,9,2,1.978853981545631,0.9113135832421323,0.11223855725628265,0.8159178330543193,0.0,0.0,0.0
reference_v22c,4,9,3,1.8389819099548015,0.8488401859364612,0.099240187951859,0.7682595722218777,0.0,0.0,0.0
reference_v22c,4,9,4,1.7358207423636254,0.7946199749378448,0.08967963891460541,0.7409061802194473,0.0,0.0,0.0
reference_v22c,4,9,5,1.6695515652920336,0.7533857568781427,0.08432776227276376,0.727822556140575,0.0,0.0,0.0
reference_v22c,4,9,6,1.5831407080305384,0.7137443905181073,0.07949804910954009,0.6907113016919887,0.0,0.0,0.0
reference_v22c,4,9,7,1.5277011901774304,0.6904216358002196,0.07549770097149179,0.6667822688183886,0.0,0.0,0.0
context_ema_retention,0,0,0,2.8359669523036226,1.9959131301717554,0.0,0.0,0.0,0.0,0.0
context_ema_retention,0,0,1,1.4987148300130317,1.221153644805259,0.0,0.0,0.0,0.0,0.0
context_ema_retention,0,0,2,1.3898795665578638,1.1247348582490961,0.0,0.0,0.0,0.0,0.0
context_ema_retention,0,0,3,1.3338913613177361,1.0760744366239994,0.0,0.0,0.0,0.0,0.0
context_ema_retention,0,0,4,1.2888815605894048,1.037651073425374,0.0,0.0,0.0,0.0,0.0
context_ema_retention,0,0,5,1.2325612788504743,0.9866626731892849,0.0,0.0,0.0,0.0,0.0
context_ema_retention,0,0,6,1.193575105768569,0.9520784806697926,0.0,0.0,0.0,0.0,0.0
context_ema_retention,0,0,7,1.1632600160355264,0.926820787977665,0.0,0.0,0.0,0.0,0.0
context_ema_retention,0,1,0,8.42078870915352,3.8371903566603964,0.3985493772504034,1.3411682641252558,0.6712694586591518,0.09412240847311121,0.0
context_ema_retention,0,1,1,3.4978722460726472,1.3447758060820558,0.1144179825453048,1.0279415744416258,0.6085839759796223,0.0548937016345085,0.0
context_ema_retention,0,1,2,3.0524687969938236,1.1337327196242961,0.08610451221466064,0.9378941579067961,0.5476167740974021,0.046877606197240504,0.0
context_ema_retention,0,1,3,2.8264561054554393,1.0631983635273385,0.09452152410720258,0.8366114294275324,0.504484957202952,0.04066109411576961,0.0
context_ema_retention,0,1,4,2.629933235493112,0.9836268450351472,0.1041156752629483,0.7751416031350481,0.4536727914150725,0.0353659580045558,0.0
context_ema_retention,0,1,5,2.403596086704985,0.9124948927696716,0.10502397554351929,0.6858150667332589,0.40026165323054536,0.03397675262803727,0.0
context_ema_retention,0,1,6,2.261641223379906,0.8559392589203855,0.1166673223388956,0.6336211359247248,0.36273150938622495,0.03289892885120625,0.0
context_ema_retention,0,1,7,2.0943386757627445,0.8109518162747646,0.11957160415167505,0.5740310816054649,0.3067071986325244,0.03009462348641233,0.0
context_ema_retention,0,2,0,7.4364885472236795,3.7252298796430545,0.46087795314838814,1.0227633879539815,0.4718474631613873,0.11525346972840897,0.0
context_ema_retention,0,2,1,2.6930698333902563,0.931818572764701,0.19369686062031605,0.7963437831148188,0.37443179653045977,0.07083608582615852,0.0
context_ema_retention,0,2,2,2.2999837170255946,0.7592318806242435,0.12943479989437348,0.6992328953235707,0.348281739874089,0.06863336166010257,0.0
context_ema_retention,0,2,3,2.0674826414027114,0.6963561139208205,0.10718102372707204,0.6148924859280281,0.30585025504548496,0.0647979053728124,0.0
context_ema_retention,0,2,4,1.97356342254801,0.6686903808979278,0.10457167964666447,0.5947225823047313,0.27779315380339925,0.06052619793472138,0.0
context_ema_retention,0,2,5,1.865583949900688,0.6497195305976462,0.10575299075943359,0.5449405445697459,0.2548362378110277,0.05519223114118931,0.0
context_ema_retention,0,2,6,1.7839379412062624,0.6268558578288301,0.11341538058316454,0.5077409706217177,0.22923758245529013,0.060516083335622826,0.0
context_ema_retention,0,2,7,1.674333595215006,0.6181105394312676,0.10805352444344378,0.4553528174440912,0.19872021960451247,0.054198428235472516,0.0
context_ema_retention,0,3,0,6.6384015945678065,3.0161543780184807,0.6608603058608062,0.941372626639427,0.35122283500559787,0.20893795915106508,0.0
context_ema_retention,0,3,1,2.920057717789995,1.007453146133017,0.2295766441111869,0.8202401031839087,0.2561590677880226,0.18090258316790803,0.0
context_ema_retention,0,3,2,2.434873621514503,0.8510014605014882,0.1326194199475836,0.6885508679329081,0.2317695915699005,0.1698017803595421,0.0
context_ema_retention,0,3,3,2.259117643883888,0.7876288193337461,0.10893265474983986,0.6465002704173961,0.2221131002966394,0.15492954327070968,0.0
context_ema_retention,0,3,4,2.130939833661343,0.7471627935450128,0.09496871699044045,0.6071932341190095,0.20800990421087184,0.15133938225025825,0.0
context_ema_retention,0,3,5,2.004812714901376,0.7072047844846198,0.08571109746364837,0.5795356263505652,0.18393257054242682,0.14305197685322862,0.0
context_ema_retention,0,3,6,1.9265087513213461,0.6819016743213573,0.08704547251158572,0.5472989817883106,0.18945326481727845,0.12910256170211953,0.0
context_ema_retention,0,3,7,1.8579196676294853,0.6569835568996186,0.09112208352444019,0.5228916939268721,0.17267449105039556,0.13289172313314804,0.0
context_ema_retention,0,4,0,7.210476748486783,3.1234489070608262,0.6933655662220538,0.9584343598244038,0.31204101189653927,0.24734786073578166,0.0
context_ema_retention,0,4,1,2.992543103847098,0.8594156186631385,0.24906997477754633,0.8769328378616496,0.2562990464428638,0.23914795923740306,0.0
context_ema_retention,0,4,2,2.503067077474391,0.7195279744077236,0.1634180853341488,0.8077167335976946,0.24339956045150757,0.2135848989512058,0.0
context_ema_retention,0,4,3,2.26967461058434,0.6730361764735364,0.1444365940195449,0.7209266145178612,0.22005762508574953,0.18359755645407008,0.0
context_ema_retention,0,4,4,2.127860424366403,0.6332248049847623,0.12423300647989233,0.6668351419428562,0.2155176150671979,0.17828419122924197,0.0
context_ema_retention,0,4,5,2.0369696972217968,0.6032612945171113,0.11550510421078256,0.6419401739506011,0.2131863591518808,0.17464757552172275,0.0
context_ema_retention,0,4,6,1.948785056459143,0.5898769396416684,0.12159951237287928,0.6071398448436818,0.18487780826522948,0.1655879501015582,0.0
context_ema_retention,0,4,7,1.8931212907141828,0.5742783831789139,0.11336551479836728,0.5943101530379438,0.1904267172547097,0.15480082466247233,0.0
context_ema_retention,0,5,0,6.865447460336888,3.1446617385174367,0.7713815601233365,0.9667786993878953,0.28633740512614553,0.2909643402759065,0.0
context_ema_retention,0,5,1,3.1676346393341714,1.072551373471605,0.25016600337434325,0.8721944639023315,0.23378163893172083,0.27084651811325805,0.0
context_ema_retention,0,5,2,2.7020025709842113,0.9243926786361857,0.1882376677178322,0.771840827262148,0.21982060626466224,0.25136444828611737,0.0
context_ema_retention,0,5,3,2.513728197584761,0.8340667524236314,0.15124988746135792,0.7589115132676795,0.2168355162473435,0.23636601865291595,0.0
context_ema_retention,0,5,4,2.3494480924403414,0.7680307094086992,0.13607278402815473,0.7207273878949754,0.19957803459243573,0.23196507705018876,0.0
context_ema_retention,0,5,5,2.221606244432165,0.7333292263619443,0.1255615825982804,0.6729801867870574,0.20353078477560205,0.20508269902239454,0.0
context_ema_retention,0,5,6,2.141418555949597,0.6964914786054733,0.11778055131435394,0.659964640089806,0.19390971990341835,0.2093874269977529,0.0
context_ema_retention,0,5,7,2.0529768948859357,0.6630044547801323,0.11280133052075163,0.6476650561424012,0.17772534394517858,0.19775742863086945,0.0
context_ema_retention,0,6,0,5.219484537205798,2.3633469653890486,0.38409668094670857,0.7412413586961463,0.2686467925284771,0.21654687916978876,0.0
context_ema_retention,0,6,1,2.0320562225707035,0.5581723673546568,0.1272854522821751,0.6714586361925653,0.20783183581017434,0.1884613756803756,0.0
context_ema_retention,0,6,2,1.8269221782684326,0.5213436230700067,0.0913478101187564,0.6290856751989811,0.20503514307610532,0.1855897789305829,0.0
context_ema_retention,0,6,3,1.7317563422182773,0.5068534657042078,0.08313372430015117,0.5916574204221685,0.18758565948364583,0.1914264074665435,0.0
context_ema_retention,0,6,4,1.6521248513079705,0.49183483326688726,0.07482453308841015,0.5698757247721895,0.18646364738332463,0.17341859876475435,0.0
context_ema_retention,0,6,5,1.5923641285997756,0.48763000838300014,0.07504867698917998,0.5383327635044747,0.17435213194248525,0.17076974362134933,0.0
context_ema_retention,0,6,6,1.5507529035527656,0.4802540420217717,0.07464610832802793,0.5267979616814471,0.16208058484691254,0.17041160625980256,0.0
context_ema_retention,0,6,7,1.5284240778456344,0.4746926122523369,0.072251983462496,0.5103664290397725,0.1774498612639752,0.16226587159202455,0.0
context_ema_retention,0,7,0,4.483148199446658,2.160921241374726,0.3573581359303151,0.6307904244737422,0.2172108156249878,0.18872779259022246,0.0
context_ema_retention,0,7,1,1.9675179593106533,0.6405835424331908,0.14763611095382811,0.5815628094876066,0.19187359717932154,0.16329352082090176,0.0
context_ema_retention,0,7,2,1.7541510855897944,0.5823363541288579,0.11242758133944045,0.5409177903165209,0.1902656358607272,0.15571935157826605,0.0
context_ema_retention,0,7,3,1.6807901783192412,0.5535730973203131,0.1018172578608736,0.5289611759337973,0.19398776616187804,0.1520616202912432,0.0
context_ema_retention,0,7,4,1.5836420617205031,0.5337896765546596,0.09369207411370378,0.5057463538139424,0.16984885011581666,0.1423992950548517,0.0
context_ema_retention,0,7,5,1.5280365309816726,0.5177965608048947,0.08770200673570024,0.4926615579331175,0.16010960968250923,0.140797476977744,0.0
context_ema_retention,0,7,6,1.4798608637870627,0.5059743599688753,0.08158631321597606,0.4730759231334037,0.16532637908103617,0.1323063484531768,0.0
context_ema_retention,0,7,7,1.4644234307268833,0.4985832908052079,0.08521596294768313,0.46127778989203433,0.16718142495510427,0.1363069958826329,0.0
context_ema_retention,0,8,0,4.80684470115824,2.344601919042303,0.5192714137117098,0.6234493033683046,0.21211315215902127,0.16842077038389572,0.0
context_ema_retention,0,8,1,2.0895614142113543,0.7167309478242346,0.17663070400978656,0.6047165267010952,0.1962415189185041,0.16356624837251418,0.0
context_ema_retention,0,8,2,1.826104257969146,0.6439816006954681,0.11829561359704809,0.5523439271652952,0.1868117963697048,0.16664202162559996,0.0
context_ema_retention,0,8,3,1.6610400093362687,0.6087065472247752,0.0955996719446588,0.5135185059080732,0.16377397975388994,0.14285246774237206,0.0
context_ema_retention,0,8,4,1.6142446994781494,0.5811221383987589,0.0887629711564551,0.50505852445643,0.1709882230200666,0.14281430602707762,0.0
context_ema_retention,0,8,5,1.5767336551179276,0.5675703211033598,0.08765488783729837,0.4951262524787416,0.1765917737750297,0.13323921646843565,0.0
context_ema_retention,0,8,6,1.5084641334858346,0.5498018898862473,0.08147828169959656,0.47460095806324737,0.1589849483459554,0.13414321538615734,0.0
context_ema_retention,0,8,7,1.4768655883504989,0.5343914285619208,0.07729153129014563,0.4743171835199316,0.15485910659140728,0.13069754823091181,0.0
context_ema_retention,0,9,0,5.532735053529131,2.925672049218036,0.681811711223851,0.6619983473990826,0.2433228185202213,0.16839216950726002,0.0
context_ema_retention,0,9,1,2.7436244284853024,1.0777528273298385,0.3013880008712728,0.6717307415414364,0.21582713279318302,0.17739005228306384,0.0
context_ema_retention,0,9,2,2.318092183863863,0.9116832626626846,0.1996663529822167,0.6130014575542287,0.20115406414929857,0.18813795152496784,0.0
context_ema_retention,0,9,3,2.1312074128617633,0.8300379108875355,0.16700295564976145,0.5998752985862975,0.18467983841261965,0.17192615853979232,0.0
context_ema_retention,0,9,4,2.0076972956353045,0.7749215339092498,0.15103360217936496,0.5798616498074634,0.18224845462022943,0.15655924918803762,0.0
context_ema_retention,0,9,5,1.9269839626677492,0.7319215460026518,0.13760769287956523,0.5593071770160756,0.17870040491540382,0.16621745076585323,0.0
context_ema_retention,0,9,6,1.8397701851865078,0.687676895172038,0.1260731538876574,0.5546834430796035,0.1739850511893313,0.15227992087602615,0.0
context_ema_retention,0,9,7,1.7948590390225674,0.6646495220508981,0.12608717128317407,0.5325025599053566,0.17490565459778967,0.1583120623167525,0.0
context_ema_retention,4,0,0,3.0948788460264813,1.8703304148734885,0.0,0.0,0.0,0.0,0.0
context_ema_retention,4,0,1,1.4578327143445928,1.1596738505870738,0.0,0.0,0.0,0.0,0.0
context_ema_retention,4,0,2,1.3376024860016844,1.066756935829812,0.0,0.0,0.0,0.0,0.0
context_ema_retention,4,0,3,1.2566203868135493,0.9952638415580101,0.0,0.0,0.0,0.0,0.0
context_ema_retention,4,0,4,1.1998903472372826,0.9451696669801752,0.0,0.0,0.0,0.0,0.0
context_ema_retention,4,0,5,1.158758670725721,0.9089259873045251,0.0,0.0,0.0,0.0,0.0
context_ema_retention,4,0,6,1.1152755706868274,0.87047312107492,0.0,0.0,0.0,0.0,0.0
context_ema_retention,4,0,7,1.080936680448816,0.8405678792202727,0.0,0.0,0.0,0.0,0.0
context_ema_retention,4,1,0,8.909757015552927,4.054073252576463,0.4446027800251923,1.223062185530967,0.6545366828745984,0.07678079303908855,0.0
context_ema_retention,4,1,1,3.5574843629877617,1.3424783945083618,0.1883159172027669,0.9964024627462347,0.5617566749136499,0.04266659863927263,0.0
context_ema_retention,4,1,2,2.9763216566532216,1.1252149863446013,0.12092371094734111,0.8961872382366911,0.49193424430299315,0.03901415817598079,0.0
context_ema_retention,4,1,3,2.7797166032994047,1.0558962733187574,0.13531746525079646,0.790086198360362,0.4787923110292313,0.03212839214408651,0.0
context_ema_retention,4,1,4,2.5672407556087413,1.0057288141960794,0.11562966539504681,0.731771358784209,0.40583540657733347,0.03200485949662137,0.0
context_ema_retention,4,1,5,2.4079642448019474,0.9622750688106456,0.1251161146037122,0.6575259883353051,0.3679270471664185,0.030046423263055212,0.0
context_ema_retention,4,1,6,2.225353309448729,0.9167471832417428,0.13215585306603858,0.5742474394909879,0.31508950857405965,0.028323996376166952,0.0
context_ema_retention,4,1,7,2.0581592676487377,0.8829219721733256,0.13909781914442143,0.5062982757040795,0.2555877534632987,0.025845289111454436,0.0
context_ema_retention,4,2,0,7.31861085080086,3.354382164934848,0.38006613951360935,1.0486451450814591,0.5142969451052077,0.11179356015426048,0.0
context_ema_retention,4,2,1,2.731135185728682,0.8953021029208569,0.12100216429284279,0.8652614063404976,0.43747603956689224,0.07636587095863008,0.0
context_ema_retention,4,2,2,2.3199884992964726,0.7334479930553031,0.09650213192117975,0.7491950608314352,0.38709576269413565,0.05976537068156486,0.0
context_ema_retention,4,2,3,2.1873849655719515,0.6765103517694676,0.1037509173471877,0.6993007013138305,0.37121668045825146,0.06236639868547308,0.0
context_ema_retention,4,2,4,2.041486494084622,0.6528794492812867,0.0954346255736148,0.648435171614302,0.3288780986628634,0.052701689342552045,0.0
context_ema_retention,4,2,5,1.9478219595361264,0.6306683782567369,0.09365387942562713,0.6074856392880703,0.3116322600461067,0.052551371144487505,0.0
context_ema_retention,4,2,6,1.9061856016199639,0.6120845453536257,0.11655608834104335,0.5983634109192706,0.28533163159451586,0.04533503208547197,0.0
context_ema_retention,4,2,7,1.802626944602804,0.5975240938206936,0.10181135351353503,0.5480562055364568,0.2739260130106135,0.041421782146108914,0.0
context_ema_retention,4,3,0,7.346605032048327,3.5016853454265187,0.5882876221826626,1.041550430845707,0.3953930342451055,0.15532399872516064,0.0
context_ema_retention,4,3,1,3.032504416526632,1.0280063507404733,0.20465858439181714,0.8809764816405925,0.3551767963044187,0.1540761022491658,0.0
context_ema_retention,4,3,2,2.5127475971871234,0.8646524282211953,0.12755801893295127,0.7631477738948579,0.29580784351267714,0.12855011985657064,0.0
context_ema_retention,4,3,3,2.299032660240823,0.7925817230914501,0.1127327377808855,0.6878487683357076,0.2819460129484217,0.12283510469058727,0.0
context_ema_retention,4,3,4,2.17221799809882,0.7446594124144696,0.10852651250489215,0.6562921030724302,0.2680656038066174,0.10928008776712925,0.0
context_ema_retention,4,3,5,2.0704457404765675,0.7099353062345627,0.10270082506727665,0.6278781396277408,0.24704414954844942,0.1084893119144947,0.0
context_ema_retention,4,3,6,2.0152947471496905,0.6921663360392794,0.10022415474374244,0.6206768827235445,0.237327219958001,0.10283921262685289,0.0
context_ema_retention,4,3,7,1.9097775322325685,0.6629220849656045,0.0973417250082848,0.5704675221696813,0.22665294878026274,0.10174341737589937,0.0
context_ema_retention,4,4,0,6.8857838752421925,3.074371488804513,0.6315153652990085,0.9130335018989888,0.33379391501558586,0.1812105765368076,0.0
context_ema_retention,4,4,1,2.7015360974250955,0.8025318561716283,0.21662284972819876,0.7935111979220776,0.2982623856118385,0.15498272805137836,0.0
context_ema_retention,4,4,2,2.3294609353897417,0.6913861771847339,0.14661042756856757,0.7361384059520478,0.27895746934921184,0.14044498794890464,0.0
context_ema_retention,4,4,3,2.1383203369505863,0.6318040547218728,0.12396128063506269,0.6856361792442647,0.2596735621386386,0.1302561932738791,0.0
context_ema_retention,4,4,4,2.02532840282359,0.5955463869774595,0.11202295251349186,0.6521416458677738,0.24528156569663515,0.12947652663322204,0.0
context_ema_retention,4,4,5,1.9170631068818114,0.5726957714304011,0.09877991042238601,0.616654358011611,0.2250447648953884,0.12946460665540493,0.0
context_ema_retention,4,4,6,1.8580065179378429,0.5452708684383555,0.10606262056117362,0.5837171883025067,0.23199916646835653,0.1283863863729416,0.0
context_ema_retention,4,4,7,1.768515115088605,0.5324697874962016,0.0947942169422799,0.5639368574670021,0.20252549569023418,0.11951379795023735,0.0
context_ema_retention,4,5,0,6.628905544889734,2.9775835301013704,0.6813602014597177,0.9299428107890677,0.30927849196373147,0.21117933046944598,0.0
context_ema_retention,4,5,1,2.8642741974363934,0.9069542643871713,0.25141028679431754,0.8674993832060631,0.2539100323585754,0.2100367856786606,0.0
context_ema_retention,4,5,2,2.403389058214553,0.7634142548479932,0.17239036363490085,0.7405351387693527,0.23796304711636077,0.18461031942291461,0.0
context_ema_retention,4,5,3,2.2035754741506373,0.6947919941963033,0.1414961867192958,0.6943590501521496,0.22545332604266227,0.17290212768823543,0.0
context_ema_retention,4,5,4,2.054548753068802,0.6510193468408382,0.12498813851716671,0.6401428643693315,0.2036761242024442,0.17510809876183245,0.0
context_ema_retention,4,5,5,1.9534652613578958,0.6192111734380114,0.12135118008294005,0.6067518680653674,0.20104518152297812,0.16070380410615434,0.0
context_ema_retention,4,5,6,1.9069109749286732,0.5916730381072836,0.11871024189477271,0.6124512388351115,0.19226861697562198,0.15688750813616084,0.0
context_ema_retention,4,5,7,1.8242701773947858,0.5721162291283303,0.11395695139753058,0.5778851274480211,0.18436089411694953,0.14924411729295203,0.0
context_ema_retention,4,6,0,5.10596118582056,2.2603716685416853,0.394531222838164,0.7061322965520493,0.26308957630015434,0.16990429559286604,0.0
context_ema_retention,4,6,1,1.9322740854100977,0.549759234519715,0.11768624313334201,0.6298114834947789,0.2223858690642296,0.1539379047586563,0.0
context_ema_retention,4,6,2,1.6956114718254576,0.514842671282748,0.08556626039616605,0.5701104117200729,0.20013829447487566,0.14009176527566097,0.0
context_ema_retention,4,6,3,1.6016953143667667,0.4997357130050659,0.07450289326779386,0.5515133320017064,0.18162105343443283,0.12946942115717747,0.0
context_ema_retention,4,6,4,1.5667320870338601,0.49593387639268915,0.08359857030371402,0.5241773864056202,0.18159887686054757,0.1285912015653671,0.0
context_ema_retention,4,6,5,1.5071254436005936,0.4859417784721293,0.08330387479447304,0.5065698763157459,0.16901633666550858,0.11995701943623259,0.0
context_ema_retention,4,6,6,1.4556004240157756,0.47819409408467883,0.07519499133241937,0.4909448154429172,0.15236788813738114,0.12492757266823282,0.0
context_ema_retention,4,6,7,1.4343059367321906,0.476482924628765,0.07162242699810799,0.47289940841654515,0.1653534047147061,0.11976235328202552,0.0
context_ema_retention,4,7,0,4.4157828244757145,2.1982284283384366,0.2960603264955615,0.5946567451700251,0.2063378612411783,0.14406128608165902,0.0
context_ema_retention,4,7,1,1.8407371982615044,0.6072691628273498,0.1092152974389969,0.575005885134352,0.17913780932096726,0.12874191460457254,0.0
context_ema_retention,4,7,2,1.6022959262766736,0.5451364073347538,0.08644876216954374,0.5240237757246545,0.16309485853986538,0.11233445891040436,0.0
context_ema_retention,4,7,3,1.5303653351804043,0.5235067003584922,0.07882240430471744,0.4985391567362116,0.16755119219739387,0.11084917203543034,0.0
context_ema_retention,4,7,4,1.480362504086596,0.5079550540193598,0.07635902993856593,0.4868210072213031,0.15949680164773414,0.11393428776175418,0.0
context_ema_retention,4,7,5,1.4256249235031453,0.49788604581609686,0.07467216855668007,0.4719718466413782,0.1478003130314198,0.10707452465245064,0.0
context_ema_retention,4,7,6,1.382004425880757,0.4936869905350056,0.08411494404711622,0.4340028185793694,0.15181585781751794,0.10039216232426623,0.0
context_ema_retention,4,7,7,1.3156804607269612,0.480690099457477,0.06872483303255224,0.4236796866071985,0.1299394873228479,0.10139190144044288,0.0
context_ema_retention,4,8,0,5.111512767507675,2.753485663140074,0.43101989852675254,0.5778563751819286,0.21158207081099775,0.12483605647340734,0.0
context_ema_retention,4,8,1,2.0449582439787846,0.6975848877683599,0.16937652769240927,0.568136232330444,0.18240915286414167,0.1212496224870073,0.0
context_ema_retention,4,8,2,1.7722112752021628,0.6357043892779248,0.11465989798307419,0.5436057029886449,0.17218970570792544,0.1188386970377983,0.0
context_ema_retention,4,8,3,1.6387319260455193,0.6004308620665936,0.10291079669556719,0.5151912246612792,0.15089885002755105,0.11253378397606789,0.0
context_ema_retention,4,8,4,1.5647130037875885,0.5804316363436111,0.09281533861413915,0.4910207821967754,0.14868134022393126,0.1118985653874722,0.0
context_ema_retention,4,8,5,1.50678743453736,0.5605123112810418,0.09483967689757651,0.4785757242365086,0.14426950064111263,0.10226859160243197,0.0
context_ema_retention,4,8,6,1.470666101638307,0.5512933927647611,0.08959237977545312,0.4596840891432255,0.1527573935529019,0.10049251625512509,0.0
context_ema_retention,4,8,7,1.4203319828561012,0.532904898866694,0.0865008404597323,0.4522281181305013,0.14455696781899066,0.09547023166050302,0.0
context_ema_retention,4,9,0,5.366451988828943,2.836889272040509,0.5924815678469743,0.6288606568853906,0.24305307865142822,0.1388072003709509,0.0
context_ema_retention,4,9,1,2.598103680509202,1.0322363161026162,0.24434750828337162,0.6696231251067304,0.20824840157590013,0.15465908354901253,0.0
context_ema_retention,4,9,2,2.1909418461170604,0.9076275039226451,0.15921850502490997,0.6285691071063915,0.173126590220218,0.13769939319884522,0.0
context_ema_retention,4,9,3,2.016511952623408,0.8348277972099629,0.14422076401558329,0.5699006896069709,0.17614114617413662,0.1314661517105204,0.0
context_ema_retention,4,9,4,1.905612017246003,0.7883729364009614,0.12989312933480485,0.5480069892203554,0.16773972723712313,0.1252621792732401,0.0
context_ema_retention,4,9,5,1.80272177178809,0.7466172753496373,0.11573968796019858,0.5229909502445383,0.15861919046716488,0.12468438738204063,0.0
context_ema_retention,4,9,6,1.7672993680264086,0.7242514161353416,0.1130619855954292,0.5060787479928199,0.1681047592391359,0.12998949387606154,0.0
context_ema_retention,4,9,7,1.7073680213157167,0.6993086350725052,0.11000563584743663,0.5003056513502243,0.15178895789258023,0.1285537414728327,0.0
full_rescue,0,0,0,2.9452398660335133,1.7501231660234167,0.0,0.0,0.0,0.0,0.040988120750742076
full_rescue,0,0,1,1.3508106952017926,1.01863779032484,0.0,0.0,0.0,0.0,0.02338815185221586
full_rescue,0,0,2,1.220346024695863,0.9317248996267927,0.0,0.0,0.0,0.0,0.00898575936345027
full_rescue,0,0,3,1.1470706932088162,0.8701139739219178,0.0,0.0,0.0,0.0,0.005956263425066433
full_rescue,0,0,4,1.116827297717967,0.8485002898155375,0.0,0.0,0.0,0.0,0.004953865739615991
full_rescue,0,0,5,1.0831890752974977,0.8208103661841535,0.0,0.0,0.0,0.0,0.00457675771619332
full_rescue,0,0,6,1.0477348363145869,0.7900336575000844,0.0,0.0,0.0,0.0,0.004813735947964039
full_rescue,0,0,7,0.9946639575856797,0.7416157595654751,0.0,0.0,0.0,0.0,0.003142401120288575
full_rescue,0,1,0,7.808913195386846,3.357931984231827,0.35386424826147245,1.1140208130187177,0.7267370401544774,0.11529500837972824,0.03369874249588936
full_rescue,0,1,1,3.134590519235489,1.0623721112596227,0.15302226549767434,0.8369431495666504,0.615770955035027,0.050257192647203484,0.0401580015871119
full_rescue,0,1,2,2.6074641055249153,0.9050463425352219,0.13688996497620928,0.6973179198325948,0.48961642891802687,0.04319451551171059,0.036062741771023324
full_rescue,0,1,3,2.330086335222772,0.8373563999825335,0.12652767608140378,0.5975722993942018,0.41843621844941,0.0351656076518145,0.03523331583338849
full_rescue,0,1,4,2.135681616499069,0.7715891016290543,0.12648039976967143,0.5300952348303287,0.3745903474219302,0.033314087210183446,0.032493594914991805
full_rescue,0,1,5,1.9023895289035553,0.719713974506297,0.13505104770685764,0.4367984907424196,0.2885891097657224,0.030828681516837566,0.02991116538326791
full_rescue,0,1,6,1.7013445027331089,0.67834568784592,0.1260590228311559,0.36200079543793456,0.22429570714209943,0.029398770012119983,0.02864823379415147
full_rescue,0,1,7,1.539631206938561,0.6530445890223726,0.12052158599204206,0.3074054997018043,0.15928478095125645,0.028129256152092143,0.025872920421843835
full_rescue,0,2,0,6.417858585398248,3.0806317227952023,0.306214935545908,0.7799065404749931,0.385885533500225,0.11515563048739383,0.06469055732831042
full_rescue,0,2,1,2.349265342063092,0.7746820208874154,0.1576732392323778,0.6017697852976779,0.30699763653126166,0.07266967862527421,0.04308548965986739
full_rescue,0,2,2,1.9265275787799916,0.6611661790533269,0.12183253102480097,0.47833661132670463,0.24913043100783167,0.06313553111667329,0.043140949403986016
full_rescue,0,2,3,1.7427230160287086,0.6222764272639092,0.11189436627195236,0.4248390147026549,0.20032740098998902,0.05660263928485677,0.04240668057761294
full_rescue,0,2,4,1.5988607279797817,0.5957779117087101,0.10713170880966998,0.36749189457994824,0.16467831680115233,0.055564061480950805,0.038961988219872436
full_rescue,0,2,5,1.4914350357461483,0.56826255296139,0.10305693412714816,0.3319563184012758,0.14262123849797756,0.05257090664607413,0.035642481944028366
full_rescue,0,2,6,1.4220796443046408,0.5567367387578842,0.11768963108671472,0.29690882341658814,0.11846422863767501,0.04628778363954514,0.0335714376353203
full_rescue,0,2,7,1.2960311833848344,0.5368624215430402,0.08655732965215723,0.2689728920764111,0.09233236843918233,0.03862248424519884,0.03071844645161578
full_rescue,0,3,0,6.1839249539882575,2.905743844965671,0.5385945721769944,0.7450251325647882,0.3067371965722835,0.17025572212135537,0.020227282605272658
full_rescue,0,3,1,2.437867760658264,0.8811618178448779,0.18427788196726047,0.5859953868896404,0.2236318421807695,0.1383181467969367,0.025527208647195328
full_rescue,0,3,2,2.031261165091332,0.7322201487865854,0.12347510568004974,0.4917606457750848,0.19904871173995606,0.12136556430065885,0.026548963832728405
full_rescue,0,3,3,1.8281113898500483,0.6681439730715244,0.10834563967395336,0.45402530406383756,0.149556373186568,0.11661086952749719,0.025021440607119114
full_rescue,0,3,4,1.7128231144965964,0.6303552858372952,0.10333640889284458,0.4140027127367385,0.1493781083758841,0.10176905878680817,0.02294159541897317
full_rescue,0,3,5,1.6461415011832055,0.5972158946889512,0.10069334094828748,0.39557549737869424,0.1499964306329159,0.10202130397900622,0.02063234950950805
full_rescue,0,3,6,1.5477714411755825,0.5691869157425901,0.09364514322356975,0.36833442018387164,0.14384541644694956,0.0870210107495176,0.018520646847467473
full_rescue,0,3,7,1.492286651692492,0.5525275621008365,0.09317786785516333,0.3517312160197725,0.1253574898743883,0.09170310135851516,0.01705108838591804
full_rescue,0,4,0,6.040429216750125,2.6810828295159848,0.5339599302655178,0.7615700579704122,0.2932454030564491,0.19918478850988633,0.023856914166281832
full_rescue,0,4,1,2.359170523095638,0.7743155385585542,0.192369226762589,0.5950318593928154,0.23766162262317983,0.14322580587356648,0.026628082063286863
full_rescue,0,4,2,2.006817049168526,0.66947070968912,0.14071904297204726,0.5227377801499469,0.21578917810891537,0.11713664368429083,0.021041965983966564
full_rescue,0,4,3,1.81645213035827,0.605469599683234,0.12289295393101712,0.4897834341576759,0.177415521062435,0.10998058596507032,0.01807221750471186
full_rescue,0,4,4,1.6854283809661865,0.5653851323939384,0.109573207161528,0.4411309577049093,0.17462439850923864,0.10473492590987936,0.01562066865648995
full_rescue,0,4,5,1.5937725559194038,0.537038968598589,0.10242516357213893,0.4235289432901017,0.15457566669012637,0.09952053308803985,0.014609470131232384
full_rescue,0,4,6,1.5365221627215122,0.5147317774752354,0.10797545773551818,0.40566723777892744,0.1468072516169954,0.09942734289042493,0.012813172204063293
full_rescue,0,4,7,1.4690962446496842,0.49219272872234915,0.09643516213969981,0.38073718547821045,0.15588502791967798,0.0971045768324365,0.011393049830927494
full_rescue,0,5,0,5.838982221928049,2.7365264879896287,0.5601589564243848,0.7431299242567508,0.25368762999138933,0.21880758315958876,0.015282667321252061
full_rescue,0,5,1,2.5025985748209854,0.8431415760770757,0.20724602170447085,0.6282204034480643,0.22296899446147553,0.17628763980687934,0.02286865455197527
full_rescue,0,5,2,2.0534880516376903,0.7136066758886297,0.1407347805005439,0.5492432352076185,0.1842106043341312,0.1526523563773074,0.021665033428592884
full_rescue,0,5,3,1.8411730527877808,0.6510354794086294,0.11598269498728692,0.48713787058566477,0.16475684481098296,0.1376803553801902,0.019283809164103043
full_rescue,0,5,4,1.7470781777767426,0.6083270457196743,0.11482524047506616,0.45856364166482966,0.15551468825086634,0.1408445121760064,0.01800444559689532
full_rescue,0,5,5,1.6742794133247214,0.5771551981885382,0.11430755431981797,0.44243174537699276,0.15762192914460568,0.13195837257390328,0.016146782389346588
full_rescue,0,5,6,1.5970774990447023,0.5516023940228402,0.11146899598075989,0.4288430499269607,0.1315807175446064,0.12768390346714792,0.016297483816742897
full_rescue,0,5,7,1.5139270057069494,0.5283988238649165,0.1004473107292297,0.39731867643112834,0.12717996181008664,0.12599356646867507,0.014720805068599416
full_rescue,0,6,0,4.495357132972555,2.0335544829672956,0.3365062610211925,0.5763582428719135,0.21953522303002945,0.166841947017832,0.014787850287207898
full_rescue,0,6,1,1.7236809730529785,0.5348165257179991,0.11433690754657096,0.5037425559885959,0.176748182228271,0.13236160719014228,0.016509995280586658
full_rescue,0,6,2,1.5056280582509143,0.5001430410019895,0.09154590393634553,0.4428511877009209,0.1524031989751978,0.12280609411128024,0.015874780139866027
full_rescue,0,6,3,1.3951729967239055,0.48892201514954264,0.0836208518198196,0.39376041483371815,0.14456373627515548,0.10750757585814659,0.014936154193066537
full_rescue,0,6,4,1.3402353093979207,0.47837800485022525,0.08106663315854173,0.3823130061017706,0.11345896251658176,0.12071072532141462,0.013239866578357016
full_rescue,0,6,5,1.2789422603363687,0.4701872987950102,0.07818310660250644,0.3601177049444077,0.11634585855806127,0.10048208488745893,0.011503439475881292
full_rescue,0,6,6,1.2638983498228358,0.4656841970504598,0.08417741130007074,0.3584399476964423,0.10351232288682714,0.10708055534261338,0.0092170452104604
full_rescue,0,6,7,1.2191023370052905,0.4594983242927714,0.08063157806371121,0.33711621165275574,0.09896672865811815,0.1047169862592474,0.008468561994030755
full_rescue,0,7,0,4.35455818379179,2.2198603990230152,0.3662115456637756,0.5277604828489587,0.18172893467101645,0.13845209999287383,0.015179656069487967
full_rescue,0,7,1,1.7155185151607433,0.5892049207332286,0.14161419916026136,0.44813053405031245,0.15568466928411037,0.1054623065159676,0.015561972982547384
full_rescue,0,7,2,1.4874513402898262,0.5305708399478425,0.10415899151183189,0.4055879743809396,0.15114533837805402,0.09996888057348575,0.014662563483765784
full_rescue,0,7,3,1.376438688724599,0.5020637271252084,0.08883282082512024,0.3957732617855072,0.12330698729195494,0.09368759179685979,0.013560166859880407
full_rescue,0,7,4,1.2973193183858345,0.4812049859381737,0.08139170373373843,0.36803786741926314,0.1138707550757743,0.09476260706148248,0.012497175346188088
full_rescue,0,7,5,1.262830265024875,0.4723590872389205,0.07779680002242961,0.3506964020272519,0.1250386173896333,0.08991043895800063,0.011549656497354203
full_rescue,0,7,6,1.186379981801865,0.45756428989958253,0.07124959629900912,0.3306432772190013,0.10303438526201755,0.08609465192607109,0.010455654993494774
full_rescue,0,7,7,1.160290664814888,0.4447973332506545,0.06796606114887177,0.33596097408457004,0.09553105376185254,0.08655316628357197,0.00921279006697079
full_rescue,0,8,0,4.21218966423197,2.2109631274608854,0.42242248398949,0.47637780359450804,0.16961978899037583,0.12078411607666219,0.003088851947277943
full_rescue,0,8,1,1.7570500247021938,0.6325296062104245,0.15474137330942966,0.4536574254644678,0.14961323712734467,0.11193850010316422,0.003307142428697107
full_rescue,0,8,2,1.5076236217579944,0.5804538320987782,0.111878975591761,0.41028997619101343,0.1333089364652938,0.1012069712135386,0.0034354880818740483
full_rescue,0,8,3,1.368466448276601,0.5404385074656061,0.0945140502237259,0.37256080546277637,0.12825873692301995,0.08499192604993253,0.003422826548364568
full_rescue,0,8,4,1.2932198326638404,0.5189477890095813,0.08432640531595717,0.35607455131855414,0.12106673792004585,0.08028701494665856,0.0031940329131333435
full_rescue,0,8,5,1.2706394271647676,0.5052823031202276,0.08772974191827977,0.3416384312700718,0.13001394462078175,0.08150645313744849,0.0029777256979983536
full_rescue,0,8,6,1.2096403938658693,0.4831310358453304,0.08227260220558086,0.3424892438218949,0.10669574236616175,0.07888116727166987,0.0027274136045115425
full_rescue,0,8,7,1.1701057819609946,0.4747685561788843,0.0785539744699255,0.3267990211223034,0.10107495667452508,0.0790555532625381,0.0026436129515554677
full_rescue,0,9,0,4.774251592920182,2.6352141410746475,0.5284768184127198,0.5243504808304158,0.2184073842586355,0.12025779279622625,0.01481297848983965
full_rescue,0,9,1,2.199382921482654,0.9192772469622024,0.22664489327593051,0.4783877781096925,0.16636590723027575,0.11941325426735777,0.011055737555502577
full_rescue,0,9,2,1.829012081978169,0.7665415888137006,0.15291590259430257,0.4577964639410059,0.14810735764021568,0.09997147916162268,0.010264425498849533
full_rescue,0,9,3,1.6745945849317185,0.6846035997918312,0.12945805394903143,0.4258607638643143,0.15628053517417706,0.10135209156160659,0.009126195367029372
full_rescue,0,9,4,1.5658702292340867,0.6271368632925317,0.12181825381010136,0.4141294112864961,0.14818873716161607,0.09466754177466352,0.008377486205798514
full_rescue,0,9,5,1.4697484437455521,0.5753638008807568,0.11296352363647298,0.3977790950460637,0.13982202612022135,0.09581336918029379,0.008118783658806314
full_rescue,0,9,6,1.3921920872749167,0.53999765629464,0.11262732205238749,0.3739596890642288,0.13489588865257324,0.09080034042609499,0.007276919333541647
full_rescue,0,9,7,1.3276854880312656,0.5121363160458017,0.11018458848938029,0.3687402942079179,0.1196601723736905,0.08318239957728285,0.006974033456533513
full_rescue,4,0,0,2.389833615181294,1.7068890853131071,0.0,0.0,0.0,0.0,0.03387092149499407
full_rescue,4,0,1,1.2113402866302652,0.9039094410044082,0.0,0.0,0.0,0.0,0.016623498733214875
full_rescue,4,0,2,1.112022468384276,0.8289910922659204,0.0,0.0,0.0,0.0,0.006550937435252869
full_rescue,4,0,3,1.0532434062754854,0.7795493032069917,0.0,0.0,0.0,0.0,0.0043296602832034545
full_rescue,4,0,4,1.0227128673107067,0.7551635135995581,0.0,0.0,0.0,0.0,0.0041747519800915045
full_rescue,4,0,5,0.9785638375485197,0.7162104249000549,0.0,0.0,0.0,0.0,0.0032063550613027937
full_rescue,4,0,6,0.9383860205082183,0.682442714559271,0.0,0.0,0.0,0.0,0.0022273928402586187
full_rescue,4,0,7,0.9093365377568184,0.6579321356529885,0.0,0.0,0.0,0.0,0.0019272403454685466
full_rescue,4,1,0,7.256535281526282,3.349529334839354,0.35090286390279407,1.0655566758297859,0.6757379123505126,0.11665327704333245,0.05327786374440853
full_rescue,4,1,1,2.9286768994432815,1.065728651716354,0.13676073037563485,0.7561045859722381,0.5727665234119335,0.03518012649518378,0.03891254541404704
full_rescue,4,1,2,2.465167370248348,0.8622479629009328,0.12048268524256159,0.6455928664258186,0.48633249389364364,0.03198784015121612,0.027021158526235437
full_rescue,4,1,3,2.1869483780353627,0.7769496415523772,0.12704760787334848,0.5541913705937406,0.4026360251802079,0.03021343563623885,0.02036123568231755
full_rescue,4,1,4,1.9377275730701202,0.7307271627669639,0.11695451194301565,0.4698161482810974,0.308936633328174,0.02790740869463758,0.016925837507748856
full_rescue,4,1,5,1.759016402224277,0.7037350903166101,0.1265751416695879,0.384054571390152,0.24682644310783833,0.026175307466628703,0.014330781560311926
full_rescue,4,1,6,1.5937578652767426,0.6626375114664118,0.12715939067779702,0.3260210777850861,0.1887458623089689,0.025930136878122675,0.01273745168594921
full_rescue,4,1,7,1.4334125721708257,0.6344609805878173,0.11236378851723164,0.2718966206971635,0.134261964641987,0.02494391232253389,0.011941529503290324
full_rescue,4,2,0,6.34698116018417,2.8625672586420747,0.33422717710492816,0.8230454122766535,0.41450882845736564,0.11229079343537067,0.01105159247650745
full_rescue,4,2,1,2.048794137670639,0.6975271930085852,0.13858835985685916,0.5239142008284305,0.3026967467145717,0.05063520276800115,0.010742441126878591
full_rescue,4,2,2,1.787993017663347,0.6137744036126644,0.10524661347587058,0.47803920380612636,0.26238546694846865,0.04323935445318831,0.008189554811712909
full_rescue,4,2,3,1.6083380922358086,0.5771687100542352,0.0974086102970103,0.4108106722222998,0.21659930097929975,0.039239868363167375,0.006993090595178148
full_rescue,4,2,4,1.5027430995981743,0.549590415777044,0.10052821087710401,0.3582439726971565,0.20401846886949337,0.035967089750982346,0.006837309278706287
full_rescue,4,2,5,1.4098547418066796,0.5324080757638241,0.09917161803930363,0.3328511420082539,0.15953680666837286,0.038705693756012204,0.006468612433193212
full_rescue,4,2,6,1.3166732711994902,0.5142330749237791,0.09247027131471228,0.3026188313961029,0.13487646332446565,0.03410275914567582,0.005961531644409641
full_rescue,4,2,7,1.2464470457523427,0.5004252531427018,0.08964826451971177,0.2706848963143978,0.12305687542291398,0.031482507415274356,0.005198549127523253
full_rescue,4,3,0,5.606962173543078,2.5658361899091844,0.46076401072727774,0.7118443447224637,0.3279721305725422,0.12716117342735858,0.007536424769762348
full_rescue,4,3,1,2.0722924876720348,0.7730586376596005,0.14676190278631576,0.508463018118067,0.23478236176232073,0.07839814692418626,0.012357008029171761
full_rescue,4,3,2,1.7445623367390735,0.669923206593128,0.11067028296120623,0.4098728527414038,0.2060344786720073,0.06363405215930432,0.01436587910544365
full_rescue,4,3,3,1.6015721965343395,0.6092033956913238,0.0993410588261929,0.3830669160853041,0.18537283181510072,0.06189025229120508,0.013768152730103502
full_rescue,4,3,4,1.5254431100601846,0.5823170479307783,0.09209217020171753,0.37583829557642023,0.1677315300132366,0.055149754866006526,0.013776810403833998
full_rescue,4,3,5,1.4376431373839682,0.5611541493141905,0.0881497064169417,0.33489772994467554,0.1578979936051876,0.053907116637267966,0.01291657982275207
full_rescue,4,3,6,1.3793323572645797,0.5334932816789505,0.08633557913151194,0.3291178954408524,0.1475305272702207,0.05086449541627092,0.012374528802614262
full_rescue,4,3,7,1.3157829274522497,0.5122558106767371,0.08656250637896518,0.30613582882475343,0.13924494100377915,0.0467617392857024,0.011937519099484099
full_rescue,4,4,0,5.334706012238848,2.2589376987294947,0.5002459616583708,0.6660653016668685,0.27659839042957796,0.1356511558306978,0.018033130034962867
full_rescue,4,4,1,1.9457451891391835,0.6563124593268049,0.15855956600701554,0.49697692470347626,0.22578876513115903,0.07505383508953642,0.02187685268197922
full_rescue,4,4,2,1.6755448148605672,0.5875827917393218,0.11918777988312092,0.41971456750910335,0.20161163426460105,0.06571589124963638,0.02079694872682399
full_rescue,4,4,3,1.5578420897747607,0.5482143347567701,0.1060615839793327,0.3829503706161012,0.2023546037838814,0.0595832062449227,0.01889800985759877
full_rescue,4,4,4,1.4561134602161163,0.5242239541195809,0.09817196301957394,0.3689948650116616,0.16401089458389484,0.05618846345138043,0.016891816512067268
full_rescue,4,4,5,1.3799179589494746,0.5038141525806265,0.09480877949836407,0.35007040805005013,0.14666517617854666,0.05582208051643473,0.014772734703852776
full_rescue,4,4,6,1.3372928563584672,0.49087220810829324,0.08831698098715315,0.33186241667321387,0.14915790297883622,0.05556103174990796,0.014081231140075846
full_rescue,4,4,7,1.2757080615834986,0.47371012986974514,0.09493554114027226,0.31469023354510045,0.13338228283410378,0.04857426437925785,0.012579908693565968
full_rescue,4,5,0,5.100112331674454,2.3434949225567756,0.5097742319202108,0.6685799861207922,0.24842466651759249,0.15379705676373015,0.007504568306451782
full_rescue,4,5,1,2.037893688425105,0.7114217129159481,0.16340860898824447,0.5066173989722069,0.18656471894776566,0.11391557642119995,0.009423180770604535
full_rescue,4,5,2,1.7136791335775496,0.611654760989737,0.12203766088536445,0.44773794235067166,0.16986220060510837,0.09662847022743935,0.010491391069235955
full_rescue,4,5,3,1.5734548949180764,0.5661110529240142,0.1092031550534228,0.4122924119868177,0.155710295318289,0.09160751571997683,0.011049682215014671
full_rescue,4,5,4,1.4705782545373796,0.540846992680367,0.09903272415729279,0.3795485775521461,0.14230821979172686,0.0854243905620372,0.011582450802497406
full_rescue,4,5,5,1.3951013341863105,0.5138161220449082,0.09790237073568588,0.3611335063234289,0.13245515081476658,0.0779788093046939,0.011420051210579719
full_rescue,4,5,6,1.334970306842885,0.49467990182815713,0.09553030149099674,0.350657397128166,0.11564894044335852,0.07567538424058164,0.011563781767766526
full_rescue,4,5,7,1.2585119922110375,0.4728682814760411,0.09006259542830447,0.32370058970248444,0.10403674682404132,0.07427457042355487,0.011351853609085083
full_rescue,4,6,0,4.090755343437195,1.8207452734734149,0.31361415386678143,0.48143875725725865,0.19290060645088236,0.08988403386258065,0.01905689776894894
full_rescue,4,6,1,1.5612525001485298,0.518316665228377,0.1105844221533613,0.3973258854226863,0.16945483931835661,0.07807867236910983,0.014614326800120639
full_rescue,4,6,2,1.3502414404077734,0.4921872818723638,0.08812693966195938,0.35174925339982865,0.1464018480891877,0.06598721297973013,0.012804657438809567
full_rescue,4,6,3,1.2817168565506631,0.47910552773069826,0.08418800967170838,0.3368680128391753,0.13471967917173466,0.06911542104121218,0.010517121788035048
full_rescue,4,6,4,1.1967865710562848,0.4694272127557308,0.07833217528272182,0.3056192413923588,0.12276830341904721,0.06137638705524993,0.008334357459890716
full_rescue,4,6,5,1.1593876037191837,0.4607959161413477,0.07761993592089796,0.3048665273062726,0.10922565049630531,0.059438849145427665,0.00658112713829317
full_rescue,4,6,6,1.1310411793120363,0.45619284218930184,0.08452850738738446,0.28604305170952005,0.10708895103728518,0.059852780021251516,0.005283417997564724
full_rescue,4,6,7,1.0881807702652952,0.4460314264956941,0.07661800926670115,0.2788028561688484,0.10375018124567702,0.05214631450461581,0.004738210284329475
full_rescue,4,7,0,4.130022804787818,1.9782743396911215,0.2920646041657911,0.40630633526660026,0.1773469904635815,0.06867520943125512,0.02533171714303341
full_rescue,4,7,1,1.6205124702859433,0.5536569515441326,0.11072252326189204,0.38922729580960375,0.14565647013009864,0.06917864591517348,0.026210472740708514
full_rescue,4,7,2,1.323048599222873,0.5131790916970436,0.08530099626551284,0.34119207871721147,0.13100932427543274,0.06224625034535185,0.022976935345758783
full_rescue,4,7,3,1.238184797002914,0.49557087586281146,0.07588994201827556,0.3207930072825006,0.11970643382123176,0.06097915340611275,0.019910706999771138
full_rescue,4,7,4,1.164489891934902,0.4807635856435654,0.0726569802203077,0.3073000083578394,0.10473655489213923,0.05059977597061624,0.01640066425216959
full_rescue,4,7,5,1.1158169672844258,0.4651199572897972,0.07295604549506877,0.28972098484952397,0.09764393141612093,0.05204697769690067,0.014474443853535551
full_rescue,4,7,6,1.091043547112891,0.45316465896494845,0.07312860783744365,0.282030148392028,0.10538667630642018,0.04763014590803613,0.012549739331007004
full_rescue,4,7,7,1.07063035635238,0.4441282219709234,0.07275462594438106,0.2830754553383969,0.09796342856072365,0.050780546078656584,0.011051357367095794
full_rescue,4,8,0,4.094807908890095,2.127196450816824,0.3455746476175804,0.41661864138664084,0.17764261032038547,0.07446655266462489,0.016926404861535165
full_rescue,4,8,1,1.6175962508992945,0.6167958169541461,0.13716977596917052,0.3984699382426891,0.13651257111354076,0.060966918284588674,0.014135632247842372
full_rescue,4,8,2,1.3519339282461937,0.5584382199226542,0.09326463256110536,0.3565911587248457,0.12265706442772074,0.056227124078159635,0.013077419548434145
full_rescue,4,8,3,1.2431960701942444,0.5317442125462472,0.08125720426757285,0.3338145803897939,0.10617676274256503,0.051510108436675785,0.010349060240340359
full_rescue,4,8,4,1.192267396348588,0.5071068120763657,0.07496784437210002,0.30898112629322294,0.12413645218661491,0.05245950477237397,0.008764665702635304
full_rescue,4,8,5,1.1456988327046658,0.4944639053750545,0.08094711316392776,0.2991053750540348,0.10924023183736395,0.046991803108694705,0.007572254205637789
full_rescue,4,8,6,1.095426172652143,0.4759448614526302,0.07515453436273209,0.29842301093517465,0.0924053930855812,0.04663523409436358,0.006657704512806649
full_rescue,4,8,7,1.073492092020968,0.46596144108062093,0.07535888999700546,0.2820730526396569,0.10034218573189796,0.048102167335913534,0.005590076018322973
full_rescue,4,9,0,4.57376329442288,2.646356613078016,0.48853528808982194,0.4629957618865561,0.19124809034327242,0.07287968243373201,0.017057396253531285
full_rescue,4,9,1,1.9689083479820413,0.836867777591056,0.21561399546075374,0.40940710141303693,0.16920912646232766,0.0741625501912959,0.012854398961396927
full_rescue,4,9,2,1.5968473566339372,0.6954740095645824,0.13778155978689802,0.3812111559066367,0.14062158295765836,0.06353861933692972,0.012575559892711486
full_rescue,4,9,3,1.435510774876209,0.6250371076959245,0.11565604473048068,0.3581758242972354,0.12614144218411852,0.058991619484855776,0.01128399134316343
full_rescue,4,9,4,1.3392508207483496,0.5767523842923185,0.10723030646430685,0.32750133694486416,0.13496314108054688,0.05536538322872304,0.010744780737985956
full_rescue,4,9,5,1.2783282995224,0.5482646480519721,0.10245253874900494,0.3217887079462092,0.12360861081075161,0.05527849336887928,0.009766591395786468
full_rescue,4,9,6,1.2432908250930461,0.5264439443324475,0.10630396785254174,0.3169206742276537,0.11949521247693833,0.05409977339366649,0.00874777835734347
full_rescue,4,9,7,1.1997016642956024,0.4963981655049831,0.10699670761823654,0.3131488117765873,0.12144533576483423,0.04733595477932311,0.008462208590688223
